AlgoType,SmplRate,#Files,Check Type,Index,Yat,Year,Month,Day,Hour,Minute,AudioName,ScoresMeanOn30,AudioUrl,UniqueName
iforest,fs1,186,conc feat all (normal),137,1,2020,3,23,18,0,20200323_180000.WAV,0.72932,http://colecciones.humboldt.org.co/rec/sonidos/publicaciones/MAP/JDT-Yataros/YAT1Audible/20200323_180000.WAV,yat1_20200323_180000
iforest,fs1,186,conc feat all (normal),16,1,2020,3,3,14,0,20200303_140000.WAV,0.61478,http://colecciones.humboldt.org.co/rec/sonidos/publicaciones/MAP/JDT-Yataros/YAT1Audible/20200303_140000.WAV,yat1_20200303_140000
iforest,fs1,186,conc feat all (normal),22,1,2020,3,4,14,0,20200304_140000.WAV,0.57935,http://colecciones.humboldt.org.co/rec/sonidos/publicaciones/MAP/JDT-Yataros/YAT1Audible/20200304_140000.WAV,yat1_20200304_140000
iforest,fs1,186,conc feat spectral (normal),137,1,2020,3,23,18,0,20200323_180000.WAV,0.77511,http://colecciones.humboldt.org.co/rec/sonidos/publicaciones/MAP/JDT-Yataros/YAT1Audible/20200323_180000.WAV,yat1_20200323_180000
iforest,fs1,186,conc feat spectral (normal),16,1,2020,3,3,14,0,20200303_140000.WAV,0.61761,http://colecciones.humboldt.org.co/rec/sonidos/publicaciones/MAP/JDT-Yataros/YAT1Audible/20200303_140000.WAV,yat1_20200303_140000
iforest,fs1,186,conc feat spectral (normal),22,1,2020,3,4,14,0,20200304_140000.WAV,0.61218,http://colecciones.humboldt.org.co/rec/sonidos/publicaciones/MAP/JDT-Yataros/YAT1Audible/20200304_140000.WAV,yat1_20200304_140000
iforest,fs1,186,conc feat spectral (normal),137,1,2020,3,23,18,0,20200323_180000.WAV,0.71938,http://colecciones.humboldt.org.co/rec/sonidos/publicaciones/MAP/JDT-Yataros/YAT1Audible/20200323_180000.WAV,yat1_20200323_180000
iforest,fs1,186,conc feat spectral (normal),50,1,2020,3,9,6,0,20200309_060000.WAV,0.65179,http://colecciones.humboldt.org.co/rec/sonidos/publicaciones/MAP/JDT-Yataros/YAT1Audible/20200309_060000.WAV,yat1_20200309_060000
iforest,fs1,186,conc feat spectral (normal),154,1,2020,3,26,14,0,20200326_140000.WAV,0.63063,http://colecciones.humboldt.org.co/rec/sonidos/publicaciones/MAP/JDT-Yataros/YAT1Audible/20200326_140000.WAV,yat1_20200326_140000
iforest,fs1,186,conc feat time (normal),41,1,2020,3,7,18,0,20200307_180000.WAV,0.61097,http://colecciones.humboldt.org.co/rec/sonidos/publicaciones/MAP/JDT-Yataros/YAT1Audible/20200307_180000.WAV,yat1_20200307_180000
iforest,fs1,186,conc feat time (normal),162,1,2020,3,27,22,0,20200327_220000.WAV,0.60432,http://colecciones.humboldt.org.co/rec/sonidos/publicaciones/MAP/JDT-Yataros/YAT1Audible/20200327_220000.WAV,yat1_20200327_220000
iforest,fs1,186,conc feat time (normal),16,1,2020,3,3,14,0,20200303_140000.WAV,0.60203,http://colecciones.humboldt.org.co/rec/sonidos/publicaciones/MAP/JDT-Yataros/YAT1Audible/20200303_140000.WAV,yat1_20200303_140000
iforest,fs1,186,conc avg feat all (normal),137,1,2020,3,23,18,0,20200323_180000.WAV,0.75986,http://colecciones.humboldt.org.co/rec/sonidos/publicaciones/MAP/JDT-Yataros/YAT1Audible/20200323_180000.WAV,yat1_20200323_180000
iforest,fs1,186,conc avg feat all (normal),50,1,2020,3,9,6,0,20200309_060000.WAV,0.61193,http://colecciones.humboldt.org.co/rec/sonidos/publicaciones/MAP/JDT-Yataros/YAT1Audible/20200309_060000.WAV,yat1_20200309_060000
iforest,fs1,186,conc avg feat all (normal),59,1,2020,3,10,18,0,20200310_180000.WAV,0.61069,http://colecciones.humboldt.org.co/rec/sonidos/publicaciones/MAP/JDT-Yataros/YAT1Audible/20200310_180000.WAV,yat1_20200310_180000
iforest,fs1,186,conc avg feat spectral (normal),137,1,2020,3,23,18,0,20200323_180000.WAV,0.8053,http://colecciones.humboldt.org.co/rec/sonidos/publicaciones/MAP/JDT-Yataros/YAT1Audible/20200323_180000.WAV,yat1_20200323_180000
iforest,fs1,186,conc avg feat spectral (normal),96,1,2020,3,16,22,0,20200316_220000.WAV,0.66116,http://colecciones.humboldt.org.co/rec/sonidos/publicaciones/MAP/JDT-Yataros/YAT1Audible/20200316_220000.WAV,yat1_20200316_220000
iforest,fs1,186,conc avg feat spectral (normal),22,1,2020,3,4,14,0,20200304_140000.WAV,0.63372,http://colecciones.humboldt.org.co/rec/sonidos/publicaciones/MAP/JDT-Yataros/YAT1Audible/20200304_140000.WAV,yat1_20200304_140000
iforest,fs1,186,conc avg feat tonaless (normal),137,1,2020,3,23,18,0,20200323_180000.WAV,0.75055,http://colecciones.humboldt.org.co/rec/sonidos/publicaciones/MAP/JDT-Yataros/YAT1Audible/20200323_180000.WAV,yat1_20200323_180000
iforest,fs1,186,conc avg feat tonaless (normal),50,1,2020,3,9,6,0,20200309_060000.WAV,0.71188,http://colecciones.humboldt.org.co/rec/sonidos/publicaciones/MAP/JDT-Yataros/YAT1Audible/20200309_060000.WAV,yat1_20200309_060000
iforest,fs1,186,conc avg feat tonaless (normal),166,1,2020,3,28,14,0,20200328_140000.WAV,0.65053,http://colecciones.humboldt.org.co/rec/sonidos/publicaciones/MAP/JDT-Yataros/YAT1Audible/20200328_140000.WAV,yat1_20200328_140000
iforest,fs1,186,conc avg feat time (normal),41,1,2020,3,7,18,0,20200307_180000.WAV,0.6567,http://colecciones.humboldt.org.co/rec/sonidos/publicaciones/MAP/JDT-Yataros/YAT1Audible/20200307_180000.WAV,yat1_20200307_180000
iforest,fs1,186,conc avg feat time (normal),162,1,2020,3,27,22,0,20200327_220000.WAV,0.64628,http://colecciones.humboldt.org.co/rec/sonidos/publicaciones/MAP/JDT-Yataros/YAT1Audible/20200327_220000.WAV,yat1_20200327_220000
iforest,fs1,186,conc avg feat time (normal),49,1,2020,3,9,2,0,20200309_020000.WAV,0.63506,http://colecciones.humboldt.org.co/rec/sonidos/publicaciones/MAP/JDT-Yataros/YAT1Audible/20200309_020000.WAV,yat1_20200309_020000
iforest,fs1,186,feature 'SpectralCentroid' (normal),137,1,2020,3,23,18,0,20200323_180000.WAV,0.78364,http://colecciones.humboldt.org.co/rec/sonidos/publicaciones/MAP/JDT-Yataros/YAT1Audible/20200323_180000.WAV,yat1_20200323_180000
iforest,fs1,186,feature 'SpectralCentroid' (normal),96,1,2020,3,16,22,0,20200316_220000.WAV,0.64763,http://colecciones.humboldt.org.co/rec/sonidos/publicaciones/MAP/JDT-Yataros/YAT1Audible/20200316_220000.WAV,yat1_20200316_220000
iforest,fs1,186,feature 'SpectralCentroid' (normal),42,1,2020,3,7,22,0,20200307_220000.WAV,0.64555,http://colecciones.humboldt.org.co/rec/sonidos/publicaciones/MAP/JDT-Yataros/YAT1Audible/20200307_220000.WAV,yat1_20200307_220000
iforest,fs1,186,feature 'SpectralCrestFactor' (normal),16,1,2020,3,3,14,0,20200303_140000.WAV,0.71719,http://colecciones.humboldt.org.co/rec/sonidos/publicaciones/MAP/JDT-Yataros/YAT1Audible/20200303_140000.WAV,yat1_20200303_140000
iforest,fs1,186,feature 'SpectralCrestFactor' (normal),166,1,2020,3,28,14,0,20200328_140000.WAV,0.69917,http://colecciones.humboldt.org.co/rec/sonidos/publicaciones/MAP/JDT-Yataros/YAT1Audible/20200328_140000.WAV,yat1_20200328_140000
iforest,fs1,186,feature 'SpectralCrestFactor' (normal),142,1,2020,3,24,14,0,20200324_140000.WAV,0.69532,http://colecciones.humboldt.org.co/rec/sonidos/publicaciones/MAP/JDT-Yataros/YAT1Audible/20200324_140000.WAV,yat1_20200324_140000
iforest,fs1,186,feature 'SpectralDecrease' (normal),16,1,2020,3,3,14,0,20200303_140000.WAV,0.72017,http://colecciones.humboldt.org.co/rec/sonidos/publicaciones/MAP/JDT-Yataros/YAT1Audible/20200303_140000.WAV,yat1_20200303_140000
iforest,fs1,186,feature 'SpectralDecrease' (normal),22,1,2020,3,4,14,0,20200304_140000.WAV,0.71808,http://colecciones.humboldt.org.co/rec/sonidos/publicaciones/MAP/JDT-Yataros/YAT1Audible/20200304_140000.WAV,yat1_20200304_140000
iforest,fs1,186,feature 'SpectralDecrease' (normal),137,1,2020,3,23,18,0,20200323_180000.WAV,0.67796,http://colecciones.humboldt.org.co/rec/sonidos/publicaciones/MAP/JDT-Yataros/YAT1Audible/20200323_180000.WAV,yat1_20200323_180000
iforest,fs1,186,feature 'SpectralFlatness' (normal),137,1,2020,3,23,18,0,20200323_180000.WAV,0.77502,http://colecciones.humboldt.org.co/rec/sonidos/publicaciones/MAP/JDT-Yataros/YAT1Audible/20200323_180000.WAV,yat1_20200323_180000
iforest,fs1,186,feature 'SpectralFlatness' (normal),42,1,2020,3,7,22,0,20200307_220000.WAV,0.65031,http://colecciones.humboldt.org.co/rec/sonidos/publicaciones/MAP/JDT-Yataros/YAT1Audible/20200307_220000.WAV,yat1_20200307_220000
iforest,fs1,186,feature 'SpectralFlatness' (normal),144,1,2020,3,24,22,0,20200324_220000.WAV,0.6444,http://colecciones.humboldt.org.co/rec/sonidos/publicaciones/MAP/JDT-Yataros/YAT1Audible/20200324_220000.WAV,yat1_20200324_220000
iforest,fs1,186,feature 'SpectralFlux' (normal),64,1,2020,3,11,14,0,20200311_140000.WAV,0.59994,http://colecciones.humboldt.org.co/rec/sonidos/publicaciones/MAP/JDT-Yataros/YAT1Audible/20200311_140000.WAV,yat1_20200311_140000
iforest,fs1,186,feature 'SpectralFlux' (normal),16,1,2020,3,3,14,0,20200303_140000.WAV,0.58106,http://colecciones.humboldt.org.co/rec/sonidos/publicaciones/MAP/JDT-Yataros/YAT1Audible/20200303_140000.WAV,yat1_20200303_140000
iforest,fs1,186,feature 'SpectralFlux' (normal),83,1,2020,3,14,18,0,20200314_180000.WAV,0.57698,http://colecciones.humboldt.org.co/rec/sonidos/publicaciones/MAP/JDT-Yataros/YAT1Audible/20200314_180000.WAV,yat1_20200314_180000
iforest,fs1,186,feature 'SpectralRolloff' (normal),137,1,2020,3,23,18,0,20200323_180000.WAV,0.86453,http://colecciones.humboldt.org.co/rec/sonidos/publicaciones/MAP/JDT-Yataros/YAT1Audible/20200323_180000.WAV,yat1_20200323_180000
iforest,fs1,186,feature 'SpectralRolloff' (normal),16,1,2020,3,3,14,0,20200303_140000.WAV,0.6661,http://colecciones.humboldt.org.co/rec/sonidos/publicaciones/MAP/JDT-Yataros/YAT1Audible/20200303_140000.WAV,yat1_20200303_140000
iforest,fs1,186,feature 'SpectralRolloff' (normal),22,1,2020,3,4,14,0,20200304_140000.WAV,0.66474,http://colecciones.humboldt.org.co/rec/sonidos/publicaciones/MAP/JDT-Yataros/YAT1Audible/20200304_140000.WAV,yat1_20200304_140000
iforest,fs1,186,feature 'SpectralSpread' (normal),96,1,2020,3,16,22,0,20200316_220000.WAV,0.69057,http://colecciones.humboldt.org.co/rec/sonidos/publicaciones/MAP/JDT-Yataros/YAT1Audible/20200316_220000.WAV,yat1_20200316_220000
iforest,fs1,186,feature 'SpectralSpread' (normal),114,1,2020,3,19,22,0,20200319_220000.WAV,0.67646,http://colecciones.humboldt.org.co/rec/sonidos/publicaciones/MAP/JDT-Yataros/YAT1Audible/20200319_220000.WAV,yat1_20200319_220000
iforest,fs1,186,feature 'SpectralSpread' (normal),102,1,2020,3,17,22,0,20200317_220000.WAV,0.64449,http://colecciones.humboldt.org.co/rec/sonidos/publicaciones/MAP/JDT-Yataros/YAT1Audible/20200317_220000.WAV,yat1_20200317_220000
iforest,fs1,186,feature 'SpectralTonalPowerRatio' (normal),154,1,2020,3,26,14,0,20200326_140000.WAV,0.70104,http://colecciones.humboldt.org.co/rec/sonidos/publicaciones/MAP/JDT-Yataros/YAT1Audible/20200326_140000.WAV,yat1_20200326_140000
iforest,fs1,186,feature 'SpectralTonalPowerRatio' (normal),50,1,2020,3,9,6,0,20200309_060000.WAV,0.67701,http://colecciones.humboldt.org.co/rec/sonidos/publicaciones/MAP/JDT-Yataros/YAT1Audible/20200309_060000.WAV,yat1_20200309_060000
iforest,fs1,186,feature 'SpectralTonalPowerRatio' (normal),52,1,2020,3,9,14,0,20200309_140000.WAV,0.6423,http://colecciones.humboldt.org.co/rec/sonidos/publicaciones/MAP/JDT-Yataros/YAT1Audible/20200309_140000.WAV,yat1_20200309_140000
iforest,fs1,186,feature 'TimeZeroCrossingRate' (normal),137,1,2020,3,23,18,0,20200323_180000.WAV,0.69803,http://colecciones.humboldt.org.co/rec/sonidos/publicaciones/MAP/JDT-Yataros/YAT1Audible/20200323_180000.WAV,yat1_20200323_180000
iforest,fs1,186,feature 'TimeZeroCrossingRate' (normal),96,1,2020,3,16,22,0,20200316_220000.WAV,0.65051,http://colecciones.humboldt.org.co/rec/sonidos/publicaciones/MAP/JDT-Yataros/YAT1Audible/20200316_220000.WAV,yat1_20200316_220000
iforest,fs1,186,feature 'TimeZeroCrossingRate' (normal),16,1,2020,3,3,14,0,20200303_140000.WAV,0.6194,http://colecciones.humboldt.org.co/rec/sonidos/publicaciones/MAP/JDT-Yataros/YAT1Audible/20200303_140000.WAV,yat1_20200303_140000
iforest,fs1,186,feature 'TimeAcfCoeff' (normal),16,1,2020,3,3,14,0,20200303_140000.WAV,0.65818,http://colecciones.humboldt.org.co/rec/sonidos/publicaciones/MAP/JDT-Yataros/YAT1Audible/20200303_140000.WAV,yat1_20200303_140000
iforest,fs1,186,feature 'TimeAcfCoeff' (normal),22,1,2020,3,4,14,0,20200304_140000.WAV,0.63443,http://colecciones.humboldt.org.co/rec/sonidos/publicaciones/MAP/JDT-Yataros/YAT1Audible/20200304_140000.WAV,yat1_20200304_140000
iforest,fs1,186,feature 'TimeAcfCoeff' (normal),142,1,2020,3,24,14,0,20200324_140000.WAV,0.61552,http://colecciones.humboldt.org.co/rec/sonidos/publicaciones/MAP/JDT-Yataros/YAT1Audible/20200324_140000.WAV,yat1_20200324_140000
iforest,fs1,186,feature 'TimeMaxAcf' (normal),94,1,2020,3,16,14,0,20200316_140000.WAV,0.6645,http://colecciones.humboldt.org.co/rec/sonidos/publicaciones/MAP/JDT-Yataros/YAT1Audible/20200316_140000.WAV,yat1_20200316_140000
iforest,fs1,186,feature 'TimeMaxAcf' (normal),106,1,2020,3,18,14,0,20200318_140000.WAV,0.64589,http://colecciones.humboldt.org.co/rec/sonidos/publicaciones/MAP/JDT-Yataros/YAT1Audible/20200318_140000.WAV,yat1_20200318_140000
iforest,fs1,186,feature 'TimeMaxAcf' (normal),49,1,2020,3,9,2,0,20200309_020000.WAV,0.64298,http://colecciones.humboldt.org.co/rec/sonidos/publicaciones/MAP/JDT-Yataros/YAT1Audible/20200309_020000.WAV,yat1_20200309_020000
iforest,fs1,186,conc feat all (zscore),137,1,2020,3,23,18,0,20200323_180000.WAV,0.72882,http://colecciones.humboldt.org.co/rec/sonidos/publicaciones/MAP/JDT-Yataros/YAT1Audible/20200323_180000.WAV,yat1_20200323_180000
iforest,fs1,186,conc feat all (zscore),16,1,2020,3,3,14,0,20200303_140000.WAV,0.60872,http://colecciones.humboldt.org.co/rec/sonidos/publicaciones/MAP/JDT-Yataros/YAT1Audible/20200303_140000.WAV,yat1_20200303_140000
iforest,fs1,186,conc feat all (zscore),22,1,2020,3,4,14,0,20200304_140000.WAV,0.5791,http://colecciones.humboldt.org.co/rec/sonidos/publicaciones/MAP/JDT-Yataros/YAT1Audible/20200304_140000.WAV,yat1_20200304_140000
iforest,fs1,186,conc feat spectral (zscore),137,1,2020,3,23,18,0,20200323_180000.WAV,0.7779,http://colecciones.humboldt.org.co/rec/sonidos/publicaciones/MAP/JDT-Yataros/YAT1Audible/20200323_180000.WAV,yat1_20200323_180000
iforest,fs1,186,conc feat spectral (zscore),16,1,2020,3,3,14,0,20200303_140000.WAV,0.6153,http://colecciones.humboldt.org.co/rec/sonidos/publicaciones/MAP/JDT-Yataros/YAT1Audible/20200303_140000.WAV,yat1_20200303_140000
iforest,fs1,186,conc feat spectral (zscore),22,1,2020,3,4,14,0,20200304_140000.WAV,0.60792,http://colecciones.humboldt.org.co/rec/sonidos/publicaciones/MAP/JDT-Yataros/YAT1Audible/20200304_140000.WAV,yat1_20200304_140000
iforest,fs1,186,conc feat spectral (zscore),137,1,2020,3,23,18,0,20200323_180000.WAV,0.71897,http://colecciones.humboldt.org.co/rec/sonidos/publicaciones/MAP/JDT-Yataros/YAT1Audible/20200323_180000.WAV,yat1_20200323_180000
iforest,fs1,186,conc feat spectral (zscore),50,1,2020,3,9,6,0,20200309_060000.WAV,0.64883,http://colecciones.humboldt.org.co/rec/sonidos/publicaciones/MAP/JDT-Yataros/YAT1Audible/20200309_060000.WAV,yat1_20200309_060000
iforest,fs1,186,conc feat spectral (zscore),154,1,2020,3,26,14,0,20200326_140000.WAV,0.62874,http://colecciones.humboldt.org.co/rec/sonidos/publicaciones/MAP/JDT-Yataros/YAT1Audible/20200326_140000.WAV,yat1_20200326_140000
iforest,fs1,186,conc feat time (zscore),41,1,2020,3,7,18,0,20200307_180000.WAV,0.61165,http://colecciones.humboldt.org.co/rec/sonidos/publicaciones/MAP/JDT-Yataros/YAT1Audible/20200307_180000.WAV,yat1_20200307_180000
iforest,fs1,186,conc feat time (zscore),162,1,2020,3,27,22,0,20200327_220000.WAV,0.60742,http://colecciones.humboldt.org.co/rec/sonidos/publicaciones/MAP/JDT-Yataros/YAT1Audible/20200327_220000.WAV,yat1_20200327_220000
iforest,fs1,186,conc feat time (zscore),16,1,2020,3,3,14,0,20200303_140000.WAV,0.59962,http://colecciones.humboldt.org.co/rec/sonidos/publicaciones/MAP/JDT-Yataros/YAT1Audible/20200303_140000.WAV,yat1_20200303_140000
iforest,fs1,186,conc avg feat all (zscore),137,1,2020,3,23,18,0,20200323_180000.WAV,0.76329,http://colecciones.humboldt.org.co/rec/sonidos/publicaciones/MAP/JDT-Yataros/YAT1Audible/20200323_180000.WAV,yat1_20200323_180000
iforest,fs1,186,conc avg feat all (zscore),50,1,2020,3,9,6,0,20200309_060000.WAV,0.6175,http://colecciones.humboldt.org.co/rec/sonidos/publicaciones/MAP/JDT-Yataros/YAT1Audible/20200309_060000.WAV,yat1_20200309_060000
iforest,fs1,186,conc avg feat all (zscore),59,1,2020,3,10,18,0,20200310_180000.WAV,0.61306,http://colecciones.humboldt.org.co/rec/sonidos/publicaciones/MAP/JDT-Yataros/YAT1Audible/20200310_180000.WAV,yat1_20200310_180000
iforest,fs1,186,conc avg feat spectral (zscore),137,1,2020,3,23,18,0,20200323_180000.WAV,0.8078,http://colecciones.humboldt.org.co/rec/sonidos/publicaciones/MAP/JDT-Yataros/YAT1Audible/20200323_180000.WAV,yat1_20200323_180000
iforest,fs1,186,conc avg feat spectral (zscore),96,1,2020,3,16,22,0,20200316_220000.WAV,0.65861,http://colecciones.humboldt.org.co/rec/sonidos/publicaciones/MAP/JDT-Yataros/YAT1Audible/20200316_220000.WAV,yat1_20200316_220000
iforest,fs1,186,conc avg feat spectral (zscore),22,1,2020,3,4,14,0,20200304_140000.WAV,0.62817,http://colecciones.humboldt.org.co/rec/sonidos/publicaciones/MAP/JDT-Yataros/YAT1Audible/20200304_140000.WAV,yat1_20200304_140000
iforest,fs1,186,conc avg feat tonaless (zscore),137,1,2020,3,23,18,0,20200323_180000.WAV,0.74636,http://colecciones.humboldt.org.co/rec/sonidos/publicaciones/MAP/JDT-Yataros/YAT1Audible/20200323_180000.WAV,yat1_20200323_180000
iforest,fs1,186,conc avg feat tonaless (zscore),50,1,2020,3,9,6,0,20200309_060000.WAV,0.71584,http://colecciones.humboldt.org.co/rec/sonidos/publicaciones/MAP/JDT-Yataros/YAT1Audible/20200309_060000.WAV,yat1_20200309_060000
iforest,fs1,186,conc avg feat tonaless (zscore),166,1,2020,3,28,14,0,20200328_140000.WAV,0.64975,http://colecciones.humboldt.org.co/rec/sonidos/publicaciones/MAP/JDT-Yataros/YAT1Audible/20200328_140000.WAV,yat1_20200328_140000
iforest,fs1,186,conc avg feat time (zscore),41,1,2020,3,7,18,0,20200307_180000.WAV,0.65732,http://colecciones.humboldt.org.co/rec/sonidos/publicaciones/MAP/JDT-Yataros/YAT1Audible/20200307_180000.WAV,yat1_20200307_180000
iforest,fs1,186,conc avg feat time (zscore),162,1,2020,3,27,22,0,20200327_220000.WAV,0.64201,http://colecciones.humboldt.org.co/rec/sonidos/publicaciones/MAP/JDT-Yataros/YAT1Audible/20200327_220000.WAV,yat1_20200327_220000
iforest,fs1,186,conc avg feat time (zscore),49,1,2020,3,9,2,0,20200309_020000.WAV,0.64016,http://colecciones.humboldt.org.co/rec/sonidos/publicaciones/MAP/JDT-Yataros/YAT1Audible/20200309_020000.WAV,yat1_20200309_020000
iforest,fs1,186,feature 'SpectralCentroid' (zscore),137,1,2020,3,23,18,0,20200323_180000.WAV,0.78168,http://colecciones.humboldt.org.co/rec/sonidos/publicaciones/MAP/JDT-Yataros/YAT1Audible/20200323_180000.WAV,yat1_20200323_180000
iforest,fs1,186,feature 'SpectralCentroid' (zscore),42,1,2020,3,7,22,0,20200307_220000.WAV,0.64982,http://colecciones.humboldt.org.co/rec/sonidos/publicaciones/MAP/JDT-Yataros/YAT1Audible/20200307_220000.WAV,yat1_20200307_220000
iforest,fs1,186,feature 'SpectralCentroid' (zscore),96,1,2020,3,16,22,0,20200316_220000.WAV,0.6458,http://colecciones.humboldt.org.co/rec/sonidos/publicaciones/MAP/JDT-Yataros/YAT1Audible/20200316_220000.WAV,yat1_20200316_220000
iforest,fs1,186,feature 'SpectralCrestFactor' (zscore),16,1,2020,3,3,14,0,20200303_140000.WAV,0.71802,http://colecciones.humboldt.org.co/rec/sonidos/publicaciones/MAP/JDT-Yataros/YAT1Audible/20200303_140000.WAV,yat1_20200303_140000
iforest,fs1,186,feature 'SpectralCrestFactor' (zscore),142,1,2020,3,24,14,0,20200324_140000.WAV,0.70056,http://colecciones.humboldt.org.co/rec/sonidos/publicaciones/MAP/JDT-Yataros/YAT1Audible/20200324_140000.WAV,yat1_20200324_140000
iforest,fs1,186,feature 'SpectralCrestFactor' (zscore),166,1,2020,3,28,14,0,20200328_140000.WAV,0.69778,http://colecciones.humboldt.org.co/rec/sonidos/publicaciones/MAP/JDT-Yataros/YAT1Audible/20200328_140000.WAV,yat1_20200328_140000
iforest,fs1,186,feature 'SpectralDecrease' (zscore),16,1,2020,3,3,14,0,20200303_140000.WAV,0.71757,http://colecciones.humboldt.org.co/rec/sonidos/publicaciones/MAP/JDT-Yataros/YAT1Audible/20200303_140000.WAV,yat1_20200303_140000
iforest,fs1,186,feature 'SpectralDecrease' (zscore),22,1,2020,3,4,14,0,20200304_140000.WAV,0.71755,http://colecciones.humboldt.org.co/rec/sonidos/publicaciones/MAP/JDT-Yataros/YAT1Audible/20200304_140000.WAV,yat1_20200304_140000
iforest,fs1,186,feature 'SpectralDecrease' (zscore),137,1,2020,3,23,18,0,20200323_180000.WAV,0.67527,http://colecciones.humboldt.org.co/rec/sonidos/publicaciones/MAP/JDT-Yataros/YAT1Audible/20200323_180000.WAV,yat1_20200323_180000
iforest,fs1,186,feature 'SpectralFlatness' (zscore),137,1,2020,3,23,18,0,20200323_180000.WAV,0.77325,http://colecciones.humboldt.org.co/rec/sonidos/publicaciones/MAP/JDT-Yataros/YAT1Audible/20200323_180000.WAV,yat1_20200323_180000
iforest,fs1,186,feature 'SpectralFlatness' (zscore),42,1,2020,3,7,22,0,20200307_220000.WAV,0.64732,http://colecciones.humboldt.org.co/rec/sonidos/publicaciones/MAP/JDT-Yataros/YAT1Audible/20200307_220000.WAV,yat1_20200307_220000
iforest,fs1,186,feature 'SpectralFlatness' (zscore),144,1,2020,3,24,22,0,20200324_220000.WAV,0.64464,http://colecciones.humboldt.org.co/rec/sonidos/publicaciones/MAP/JDT-Yataros/YAT1Audible/20200324_220000.WAV,yat1_20200324_220000
iforest,fs1,186,feature 'SpectralFlux' (zscore),64,1,2020,3,11,14,0,20200311_140000.WAV,0.60451,http://colecciones.humboldt.org.co/rec/sonidos/publicaciones/MAP/JDT-Yataros/YAT1Audible/20200311_140000.WAV,yat1_20200311_140000
iforest,fs1,186,feature 'SpectralFlux' (zscore),83,1,2020,3,14,18,0,20200314_180000.WAV,0.57717,http://colecciones.humboldt.org.co/rec/sonidos/publicaciones/MAP/JDT-Yataros/YAT1Audible/20200314_180000.WAV,yat1_20200314_180000
iforest,fs1,186,feature 'SpectralFlux' (zscore),16,1,2020,3,3,14,0,20200303_140000.WAV,0.57479,http://colecciones.humboldt.org.co/rec/sonidos/publicaciones/MAP/JDT-Yataros/YAT1Audible/20200303_140000.WAV,yat1_20200303_140000
iforest,fs1,186,feature 'SpectralRolloff' (zscore),137,1,2020,3,23,18,0,20200323_180000.WAV,0.86582,http://colecciones.humboldt.org.co/rec/sonidos/publicaciones/MAP/JDT-Yataros/YAT1Audible/20200323_180000.WAV,yat1_20200323_180000
iforest,fs1,186,feature 'SpectralRolloff' (zscore),16,1,2020,3,3,14,0,20200303_140000.WAV,0.6677,http://colecciones.humboldt.org.co/rec/sonidos/publicaciones/MAP/JDT-Yataros/YAT1Audible/20200303_140000.WAV,yat1_20200303_140000
iforest,fs1,186,feature 'SpectralRolloff' (zscore),22,1,2020,3,4,14,0,20200304_140000.WAV,0.66269,http://colecciones.humboldt.org.co/rec/sonidos/publicaciones/MAP/JDT-Yataros/YAT1Audible/20200304_140000.WAV,yat1_20200304_140000
iforest,fs1,186,feature 'SpectralSpread' (zscore),96,1,2020,3,16,22,0,20200316_220000.WAV,0.6929,http://colecciones.humboldt.org.co/rec/sonidos/publicaciones/MAP/JDT-Yataros/YAT1Audible/20200316_220000.WAV,yat1_20200316_220000
iforest,fs1,186,feature 'SpectralSpread' (zscore),114,1,2020,3,19,22,0,20200319_220000.WAV,0.67295,http://colecciones.humboldt.org.co/rec/sonidos/publicaciones/MAP/JDT-Yataros/YAT1Audible/20200319_220000.WAV,yat1_20200319_220000
iforest,fs1,186,feature 'SpectralSpread' (zscore),108,1,2020,3,18,22,0,20200318_220000.WAV,0.64544,http://colecciones.humboldt.org.co/rec/sonidos/publicaciones/MAP/JDT-Yataros/YAT1Audible/20200318_220000.WAV,yat1_20200318_220000
iforest,fs1,186,feature 'SpectralTonalPowerRatio' (zscore),154,1,2020,3,26,14,0,20200326_140000.WAV,0.6983,http://colecciones.humboldt.org.co/rec/sonidos/publicaciones/MAP/JDT-Yataros/YAT1Audible/20200326_140000.WAV,yat1_20200326_140000
iforest,fs1,186,feature 'SpectralTonalPowerRatio' (zscore),50,1,2020,3,9,6,0,20200309_060000.WAV,0.67533,http://colecciones.humboldt.org.co/rec/sonidos/publicaciones/MAP/JDT-Yataros/YAT1Audible/20200309_060000.WAV,yat1_20200309_060000
iforest,fs1,186,feature 'SpectralTonalPowerRatio' (zscore),52,1,2020,3,9,14,0,20200309_140000.WAV,0.64422,http://colecciones.humboldt.org.co/rec/sonidos/publicaciones/MAP/JDT-Yataros/YAT1Audible/20200309_140000.WAV,yat1_20200309_140000
iforest,fs1,186,feature 'TimeZeroCrossingRate' (zscore),137,1,2020,3,23,18,0,20200323_180000.WAV,0.69535,http://colecciones.humboldt.org.co/rec/sonidos/publicaciones/MAP/JDT-Yataros/YAT1Audible/20200323_180000.WAV,yat1_20200323_180000
iforest,fs1,186,feature 'TimeZeroCrossingRate' (zscore),96,1,2020,3,16,22,0,20200316_220000.WAV,0.65138,http://colecciones.humboldt.org.co/rec/sonidos/publicaciones/MAP/JDT-Yataros/YAT1Audible/20200316_220000.WAV,yat1_20200316_220000
iforest,fs1,186,feature 'TimeZeroCrossingRate' (zscore),16,1,2020,3,3,14,0,20200303_140000.WAV,0.62357,http://colecciones.humboldt.org.co/rec/sonidos/publicaciones/MAP/JDT-Yataros/YAT1Audible/20200303_140000.WAV,yat1_20200303_140000
iforest,fs1,186,feature 'TimeAcfCoeff' (zscore),16,1,2020,3,3,14,0,20200303_140000.WAV,0.65266,http://colecciones.humboldt.org.co/rec/sonidos/publicaciones/MAP/JDT-Yataros/YAT1Audible/20200303_140000.WAV,yat1_20200303_140000
iforest,fs1,186,feature 'TimeAcfCoeff' (zscore),22,1,2020,3,4,14,0,20200304_140000.WAV,0.63621,http://colecciones.humboldt.org.co/rec/sonidos/publicaciones/MAP/JDT-Yataros/YAT1Audible/20200304_140000.WAV,yat1_20200304_140000
iforest,fs1,186,feature 'TimeAcfCoeff' (zscore),142,1,2020,3,24,14,0,20200324_140000.WAV,0.60932,http://colecciones.humboldt.org.co/rec/sonidos/publicaciones/MAP/JDT-Yataros/YAT1Audible/20200324_140000.WAV,yat1_20200324_140000
iforest,fs1,186,feature 'TimeMaxAcf' (zscore),94,1,2020,3,16,14,0,20200316_140000.WAV,0.66553,http://colecciones.humboldt.org.co/rec/sonidos/publicaciones/MAP/JDT-Yataros/YAT1Audible/20200316_140000.WAV,yat1_20200316_140000
iforest,fs1,186,feature 'TimeMaxAcf' (zscore),49,1,2020,3,9,2,0,20200309_020000.WAV,0.64508,http://colecciones.humboldt.org.co/rec/sonidos/publicaciones/MAP/JDT-Yataros/YAT1Audible/20200309_020000.WAV,yat1_20200309_020000
iforest,fs1,186,feature 'TimeMaxAcf' (zscore),106,1,2020,3,18,14,0,20200318_140000.WAV,0.63738,http://colecciones.humboldt.org.co/rec/sonidos/publicaciones/MAP/JDT-Yataros/YAT1Audible/20200318_140000.WAV,yat1_20200318_140000
lof,fs1,186,conc feat all (normal),137,1,2020,3,23,18,0,20200323_180000.WAV,5.7816,http://colecciones.humboldt.org.co/rec/sonidos/publicaciones/MAP/JDT-Yataros/YAT1Audible/20200323_180000.WAV,yat1_20200323_180000
lof,fs1,186,conc feat all (normal),64,1,2020,3,11,14,0,20200311_140000.WAV,3.938,http://colecciones.humboldt.org.co/rec/sonidos/publicaciones/MAP/JDT-Yataros/YAT1Audible/20200311_140000.WAV,yat1_20200311_140000
lof,fs1,186,conc feat all (normal),145,1,2020,3,25,2,0,20200325_020000.WAV,3.4029,http://colecciones.humboldt.org.co/rec/sonidos/publicaciones/MAP/JDT-Yataros/YAT1Audible/20200325_020000.WAV,yat1_20200325_020000
lof,fs1,186,conc feat spectral (normal),137,1,2020,3,23,18,0,20200323_180000.WAV,5.7816,http://colecciones.humboldt.org.co/rec/sonidos/publicaciones/MAP/JDT-Yataros/YAT1Audible/20200323_180000.WAV,yat1_20200323_180000
lof,fs1,186,conc feat spectral (normal),64,1,2020,3,11,14,0,20200311_140000.WAV,3.9381,http://colecciones.humboldt.org.co/rec/sonidos/publicaciones/MAP/JDT-Yataros/YAT1Audible/20200311_140000.WAV,yat1_20200311_140000
lof,fs1,186,conc feat spectral (normal),145,1,2020,3,25,2,0,20200325_020000.WAV,3.4029,http://colecciones.humboldt.org.co/rec/sonidos/publicaciones/MAP/JDT-Yataros/YAT1Audible/20200325_020000.WAV,yat1_20200325_020000
lof,fs1,186,conc feat spectral (normal),64,1,2020,3,11,14,0,20200311_140000.WAV,2.7679,http://colecciones.humboldt.org.co/rec/sonidos/publicaciones/MAP/JDT-Yataros/YAT1Audible/20200311_140000.WAV,yat1_20200311_140000
lof,fs1,186,conc feat spectral (normal),112,1,2020,3,19,14,0,20200319_140000.WAV,2.7539,http://colecciones.humboldt.org.co/rec/sonidos/publicaciones/MAP/JDT-Yataros/YAT1Audible/20200319_140000.WAV,yat1_20200319_140000
lof,fs1,186,conc feat spectral (normal),42,1,2020,3,7,22,0,20200307_220000.WAV,2.7238,http://colecciones.humboldt.org.co/rec/sonidos/publicaciones/MAP/JDT-Yataros/YAT1Audible/20200307_220000.WAV,yat1_20200307_220000
lof,fs1,186,conc feat time (normal),41,1,2020,3,7,18,0,20200307_180000.WAV,2.1957,http://colecciones.humboldt.org.co/rec/sonidos/publicaciones/MAP/JDT-Yataros/YAT1Audible/20200307_180000.WAV,yat1_20200307_180000
lof,fs1,186,conc feat time (normal),106,1,2020,3,18,14,0,20200318_140000.WAV,2.1194,http://colecciones.humboldt.org.co/rec/sonidos/publicaciones/MAP/JDT-Yataros/YAT1Audible/20200318_140000.WAV,yat1_20200318_140000
lof,fs1,186,conc feat time (normal),11,1,2020,3,2,18,0,20200302_180000.WAV,2.021,http://colecciones.humboldt.org.co/rec/sonidos/publicaciones/MAP/JDT-Yataros/YAT1Audible/20200302_180000.WAV,yat1_20200302_180000
lof,fs1,186,conc avg feat all (normal),137,1,2020,3,23,18,0,20200323_180000.WAV,7.699,http://colecciones.humboldt.org.co/rec/sonidos/publicaciones/MAP/JDT-Yataros/YAT1Audible/20200323_180000.WAV,yat1_20200323_180000
lof,fs1,186,conc avg feat all (normal),6,1,2020,3,1,22,0,20200301_220000.WAV,2.2271,http://colecciones.humboldt.org.co/rec/sonidos/publicaciones/MAP/JDT-Yataros/YAT1Audible/20200301_220000.WAV,yat1_20200301_220000
lof,fs1,186,conc avg feat all (normal),17,1,2020,3,3,18,0,20200303_180000.WAV,2.1355,http://colecciones.humboldt.org.co/rec/sonidos/publicaciones/MAP/JDT-Yataros/YAT1Audible/20200303_180000.WAV,yat1_20200303_180000
lof,fs1,186,conc avg feat spectral (normal),137,1,2020,3,23,18,0,20200323_180000.WAV,7.6991,http://colecciones.humboldt.org.co/rec/sonidos/publicaciones/MAP/JDT-Yataros/YAT1Audible/20200323_180000.WAV,yat1_20200323_180000
lof,fs1,186,conc avg feat spectral (normal),6,1,2020,3,1,22,0,20200301_220000.WAV,2.2271,http://colecciones.humboldt.org.co/rec/sonidos/publicaciones/MAP/JDT-Yataros/YAT1Audible/20200301_220000.WAV,yat1_20200301_220000
lof,fs1,186,conc avg feat spectral (normal),17,1,2020,3,3,18,0,20200303_180000.WAV,2.1355,http://colecciones.humboldt.org.co/rec/sonidos/publicaciones/MAP/JDT-Yataros/YAT1Audible/20200303_180000.WAV,yat1_20200303_180000
lof,fs1,186,conc avg feat tonaless (normal),112,1,2020,3,19,14,0,20200319_140000.WAV,3.0764,http://colecciones.humboldt.org.co/rec/sonidos/publicaciones/MAP/JDT-Yataros/YAT1Audible/20200319_140000.WAV,yat1_20200319_140000
lof,fs1,186,conc avg feat tonaless (normal),89,1,2020,3,15,18,0,20200315_180000.WAV,2.7308,http://colecciones.humboldt.org.co/rec/sonidos/publicaciones/MAP/JDT-Yataros/YAT1Audible/20200315_180000.WAV,yat1_20200315_180000
lof,fs1,186,conc avg feat tonaless (normal),137,1,2020,3,23,18,0,20200323_180000.WAV,2.7072,http://colecciones.humboldt.org.co/rec/sonidos/publicaciones/MAP/JDT-Yataros/YAT1Audible/20200323_180000.WAV,yat1_20200323_180000
lof,fs1,186,conc avg feat time (normal),41,1,2020,3,7,18,0,20200307_180000.WAV,2.8588,http://colecciones.humboldt.org.co/rec/sonidos/publicaciones/MAP/JDT-Yataros/YAT1Audible/20200307_180000.WAV,yat1_20200307_180000
lof,fs1,186,conc avg feat time (normal),11,1,2020,3,2,18,0,20200302_180000.WAV,2.5127,http://colecciones.humboldt.org.co/rec/sonidos/publicaciones/MAP/JDT-Yataros/YAT1Audible/20200302_180000.WAV,yat1_20200302_180000
lof,fs1,186,conc avg feat time (normal),131,1,2020,3,22,18,0,20200322_180000.WAV,2.0226,http://colecciones.humboldt.org.co/rec/sonidos/publicaciones/MAP/JDT-Yataros/YAT1Audible/20200322_180000.WAV,yat1_20200322_180000
lof,fs1,186,feature 'SpectralCentroid' (normal),145,1,2020,3,25,2,0,20200325_020000.WAV,3.9765,http://colecciones.humboldt.org.co/rec/sonidos/publicaciones/MAP/JDT-Yataros/YAT1Audible/20200325_020000.WAV,yat1_20200325_020000
lof,fs1,186,feature 'SpectralCentroid' (normal),137,1,2020,3,23,18,0,20200323_180000.WAV,3.8735,http://colecciones.humboldt.org.co/rec/sonidos/publicaciones/MAP/JDT-Yataros/YAT1Audible/20200323_180000.WAV,yat1_20200323_180000
lof,fs1,186,feature 'SpectralCentroid' (normal),139,1,2020,3,24,2,0,20200324_020000.WAV,3.7835,http://colecciones.humboldt.org.co/rec/sonidos/publicaciones/MAP/JDT-Yataros/YAT1Audible/20200324_020000.WAV,yat1_20200324_020000
lof,fs1,186,feature 'SpectralCrestFactor' (normal),5,1,2020,3,1,18,0,20200301_180000.WAV,3.8029,http://colecciones.humboldt.org.co/rec/sonidos/publicaciones/MAP/JDT-Yataros/YAT1Audible/20200301_180000.WAV,yat1_20200301_180000
lof,fs1,186,feature 'SpectralCrestFactor' (normal),13,1,2020,3,3,2,0,20200303_020000.WAV,3.2647,http://colecciones.humboldt.org.co/rec/sonidos/publicaciones/MAP/JDT-Yataros/YAT1Audible/20200303_020000.WAV,yat1_20200303_020000
lof,fs1,186,feature 'SpectralCrestFactor' (normal),22,1,2020,3,4,14,0,20200304_140000.WAV,3.1548,http://colecciones.humboldt.org.co/rec/sonidos/publicaciones/MAP/JDT-Yataros/YAT1Audible/20200304_140000.WAV,yat1_20200304_140000
lof,fs1,186,feature 'SpectralDecrease' (normal),64,1,2020,3,11,14,0,20200311_140000.WAV,3.4445,http://colecciones.humboldt.org.co/rec/sonidos/publicaciones/MAP/JDT-Yataros/YAT1Audible/20200311_140000.WAV,yat1_20200311_140000
lof,fs1,186,feature 'SpectralDecrease' (normal),13,1,2020,3,3,2,0,20200303_020000.WAV,3.0584,http://colecciones.humboldt.org.co/rec/sonidos/publicaciones/MAP/JDT-Yataros/YAT1Audible/20200303_020000.WAV,yat1_20200303_020000
lof,fs1,186,feature 'SpectralDecrease' (normal),5,1,2020,3,1,18,0,20200301_180000.WAV,3.0433,http://colecciones.humboldt.org.co/rec/sonidos/publicaciones/MAP/JDT-Yataros/YAT1Audible/20200301_180000.WAV,yat1_20200301_180000
lof,fs1,186,feature 'SpectralFlatness' (normal),106,1,2020,3,18,14,0,20200318_140000.WAV,3.0872,http://colecciones.humboldt.org.co/rec/sonidos/publicaciones/MAP/JDT-Yataros/YAT1Audible/20200318_140000.WAV,yat1_20200318_140000
lof,fs1,186,feature 'SpectralFlatness' (normal),64,1,2020,3,11,14,0,20200311_140000.WAV,2.9919,http://colecciones.humboldt.org.co/rec/sonidos/publicaciones/MAP/JDT-Yataros/YAT1Audible/20200311_140000.WAV,yat1_20200311_140000
lof,fs1,186,feature 'SpectralFlatness' (normal),42,1,2020,3,7,22,0,20200307_220000.WAV,2.8451,http://colecciones.humboldt.org.co/rec/sonidos/publicaciones/MAP/JDT-Yataros/YAT1Audible/20200307_220000.WAV,yat1_20200307_220000
lof,fs1,186,feature 'SpectralFlux' (normal),64,1,2020,3,11,14,0,20200311_140000.WAV,2.856,http://colecciones.humboldt.org.co/rec/sonidos/publicaciones/MAP/JDT-Yataros/YAT1Audible/20200311_140000.WAV,yat1_20200311_140000
lof,fs1,186,feature 'SpectralFlux' (normal),22,1,2020,3,4,14,0,20200304_140000.WAV,2.6854,http://colecciones.humboldt.org.co/rec/sonidos/publicaciones/MAP/JDT-Yataros/YAT1Audible/20200304_140000.WAV,yat1_20200304_140000
lof,fs1,186,feature 'SpectralFlux' (normal),106,1,2020,3,18,14,0,20200318_140000.WAV,2.2181,http://colecciones.humboldt.org.co/rec/sonidos/publicaciones/MAP/JDT-Yataros/YAT1Audible/20200318_140000.WAV,yat1_20200318_140000
lof,fs1,186,feature 'SpectralRolloff' (normal),137,1,2020,3,23,18,0,20200323_180000.WAV,8.356,http://colecciones.humboldt.org.co/rec/sonidos/publicaciones/MAP/JDT-Yataros/YAT1Audible/20200323_180000.WAV,yat1_20200323_180000
lof,fs1,186,feature 'SpectralRolloff' (normal),64,1,2020,3,11,14,0,20200311_140000.WAV,5.9911,http://colecciones.humboldt.org.co/rec/sonidos/publicaciones/MAP/JDT-Yataros/YAT1Audible/20200311_140000.WAV,yat1_20200311_140000
lof,fs1,186,feature 'SpectralRolloff' (normal),145,1,2020,3,25,2,0,20200325_020000.WAV,3.4941,http://colecciones.humboldt.org.co/rec/sonidos/publicaciones/MAP/JDT-Yataros/YAT1Audible/20200325_020000.WAV,yat1_20200325_020000
lof,fs1,186,feature 'SpectralSpread' (normal),64,1,2020,3,11,14,0,20200311_140000.WAV,4.891,http://colecciones.humboldt.org.co/rec/sonidos/publicaciones/MAP/JDT-Yataros/YAT1Audible/20200311_140000.WAV,yat1_20200311_140000
lof,fs1,186,feature 'SpectralSpread' (normal),138,1,2020,3,23,22,0,20200323_220000.WAV,4.675,http://colecciones.humboldt.org.co/rec/sonidos/publicaciones/MAP/JDT-Yataros/YAT1Audible/20200323_220000.WAV,yat1_20200323_220000
lof,fs1,186,feature 'SpectralSpread' (normal),139,1,2020,3,24,2,0,20200324_020000.WAV,3.6903,http://colecciones.humboldt.org.co/rec/sonidos/publicaciones/MAP/JDT-Yataros/YAT1Audible/20200324_020000.WAV,yat1_20200324_020000
lof,fs1,186,feature 'SpectralTonalPowerRatio' (normal),112,1,2020,3,19,14,0,20200319_140000.WAV,3.4279,http://colecciones.humboldt.org.co/rec/sonidos/publicaciones/MAP/JDT-Yataros/YAT1Audible/20200319_140000.WAV,yat1_20200319_140000
lof,fs1,186,feature 'SpectralTonalPowerRatio' (normal),74,1,2020,3,13,6,0,20200313_060000.WAV,3.3496,http://colecciones.humboldt.org.co/rec/sonidos/publicaciones/MAP/JDT-Yataros/YAT1Audible/20200313_060000.WAV,yat1_20200313_060000
lof,fs1,186,feature 'SpectralTonalPowerRatio' (normal),43,1,2020,3,8,2,0,20200308_020000.WAV,3.1009,http://colecciones.humboldt.org.co/rec/sonidos/publicaciones/MAP/JDT-Yataros/YAT1Audible/20200308_020000.WAV,yat1_20200308_020000
lof,fs1,186,feature 'TimeZeroCrossingRate' (normal),138,1,2020,3,23,22,0,20200323_220000.WAV,2.9515,http://colecciones.humboldt.org.co/rec/sonidos/publicaciones/MAP/JDT-Yataros/YAT1Audible/20200323_220000.WAV,yat1_20200323_220000
lof,fs1,186,feature 'TimeZeroCrossingRate' (normal),155,1,2020,3,26,18,0,20200326_180000.WAV,2.9366,http://colecciones.humboldt.org.co/rec/sonidos/publicaciones/MAP/JDT-Yataros/YAT1Audible/20200326_180000.WAV,yat1_20200326_180000
lof,fs1,186,feature 'TimeZeroCrossingRate' (normal),145,1,2020,3,25,2,0,20200325_020000.WAV,2.5079,http://colecciones.humboldt.org.co/rec/sonidos/publicaciones/MAP/JDT-Yataros/YAT1Audible/20200325_020000.WAV,yat1_20200325_020000
lof,fs1,186,feature 'TimeAcfCoeff' (normal),5,1,2020,3,1,18,0,20200301_180000.WAV,3.0364,http://colecciones.humboldt.org.co/rec/sonidos/publicaciones/MAP/JDT-Yataros/YAT1Audible/20200301_180000.WAV,yat1_20200301_180000
lof,fs1,186,feature 'TimeAcfCoeff' (normal),106,1,2020,3,18,14,0,20200318_140000.WAV,2.6181,http://colecciones.humboldt.org.co/rec/sonidos/publicaciones/MAP/JDT-Yataros/YAT1Audible/20200318_140000.WAV,yat1_20200318_140000
lof,fs1,186,feature 'TimeAcfCoeff' (normal),177,1,2020,3,30,10,0,20200330_100000.WAV,2.479,http://colecciones.humboldt.org.co/rec/sonidos/publicaciones/MAP/JDT-Yataros/YAT1Audible/20200330_100000.WAV,yat1_20200330_100000
lof,fs1,186,feature 'TimeMaxAcf' (normal),106,1,2020,3,18,14,0,20200318_140000.WAV,3.1704,http://colecciones.humboldt.org.co/rec/sonidos/publicaciones/MAP/JDT-Yataros/YAT1Audible/20200318_140000.WAV,yat1_20200318_140000
lof,fs1,186,feature 'TimeMaxAcf' (normal),2,1,2020,3,1,6,0,20200301_060000.WAV,2.8688,http://colecciones.humboldt.org.co/rec/sonidos/publicaciones/MAP/JDT-Yataros/YAT1Audible/20200301_060000.WAV,yat1_20200301_060000
lof,fs1,186,feature 'TimeMaxAcf' (normal),5,1,2020,3,1,18,0,20200301_180000.WAV,2.805,http://colecciones.humboldt.org.co/rec/sonidos/publicaciones/MAP/JDT-Yataros/YAT1Audible/20200301_180000.WAV,yat1_20200301_180000
lof,fs1,186,conc feat all (zscore),137,1,2020,3,23,18,0,20200323_180000.WAV,2.8162,http://colecciones.humboldt.org.co/rec/sonidos/publicaciones/MAP/JDT-Yataros/YAT1Audible/20200323_180000.WAV,yat1_20200323_180000
lof,fs1,186,conc feat all (zscore),22,1,2020,3,4,14,0,20200304_140000.WAV,1.8442,http://colecciones.humboldt.org.co/rec/sonidos/publicaciones/MAP/JDT-Yataros/YAT1Audible/20200304_140000.WAV,yat1_20200304_140000
lof,fs1,186,conc feat all (zscore),64,1,2020,3,11,14,0,20200311_140000.WAV,1.7277,http://colecciones.humboldt.org.co/rec/sonidos/publicaciones/MAP/JDT-Yataros/YAT1Audible/20200311_140000.WAV,yat1_20200311_140000
lof,fs1,186,conc feat spectral (zscore),137,1,2020,3,23,18,0,20200323_180000.WAV,3.6512,http://colecciones.humboldt.org.co/rec/sonidos/publicaciones/MAP/JDT-Yataros/YAT1Audible/20200323_180000.WAV,yat1_20200323_180000
lof,fs1,186,conc feat spectral (zscore),64,1,2020,3,11,14,0,20200311_140000.WAV,2.5786,http://colecciones.humboldt.org.co/rec/sonidos/publicaciones/MAP/JDT-Yataros/YAT1Audible/20200311_140000.WAV,yat1_20200311_140000
lof,fs1,186,conc feat spectral (zscore),22,1,2020,3,4,14,0,20200304_140000.WAV,2.1706,http://colecciones.humboldt.org.co/rec/sonidos/publicaciones/MAP/JDT-Yataros/YAT1Audible/20200304_140000.WAV,yat1_20200304_140000
lof,fs1,186,conc feat spectral (zscore),112,1,2020,3,19,14,0,20200319_140000.WAV,2.5358,http://colecciones.humboldt.org.co/rec/sonidos/publicaciones/MAP/JDT-Yataros/YAT1Audible/20200319_140000.WAV,yat1_20200319_140000
lof,fs1,186,conc feat spectral (zscore),137,1,2020,3,23,18,0,20200323_180000.WAV,2.5234,http://colecciones.humboldt.org.co/rec/sonidos/publicaciones/MAP/JDT-Yataros/YAT1Audible/20200323_180000.WAV,yat1_20200323_180000
lof,fs1,186,conc feat spectral (zscore),5,1,2020,3,1,18,0,20200301_180000.WAV,2.383,http://colecciones.humboldt.org.co/rec/sonidos/publicaciones/MAP/JDT-Yataros/YAT1Audible/20200301_180000.WAV,yat1_20200301_180000
lof,fs1,186,conc feat time (zscore),41,1,2020,3,7,18,0,20200307_180000.WAV,2.2568,http://colecciones.humboldt.org.co/rec/sonidos/publicaciones/MAP/JDT-Yataros/YAT1Audible/20200307_180000.WAV,yat1_20200307_180000
lof,fs1,186,conc feat time (zscore),106,1,2020,3,18,14,0,20200318_140000.WAV,2.0608,http://colecciones.humboldt.org.co/rec/sonidos/publicaciones/MAP/JDT-Yataros/YAT1Audible/20200318_140000.WAV,yat1_20200318_140000
lof,fs1,186,conc feat time (zscore),11,1,2020,3,2,18,0,20200302_180000.WAV,1.9954,http://colecciones.humboldt.org.co/rec/sonidos/publicaciones/MAP/JDT-Yataros/YAT1Audible/20200302_180000.WAV,yat1_20200302_180000
lof,fs1,186,conc avg feat all (zscore),137,1,2020,3,23,18,0,20200323_180000.WAV,3.053,http://colecciones.humboldt.org.co/rec/sonidos/publicaciones/MAP/JDT-Yataros/YAT1Audible/20200323_180000.WAV,yat1_20200323_180000
lof,fs1,186,conc avg feat all (zscore),16,1,2020,3,3,14,0,20200303_140000.WAV,1.5973,http://colecciones.humboldt.org.co/rec/sonidos/publicaciones/MAP/JDT-Yataros/YAT1Audible/20200303_140000.WAV,yat1_20200303_140000
lof,fs1,186,conc avg feat all (zscore),22,1,2020,3,4,14,0,20200304_140000.WAV,1.5513,http://colecciones.humboldt.org.co/rec/sonidos/publicaciones/MAP/JDT-Yataros/YAT1Audible/20200304_140000.WAV,yat1_20200304_140000
lof,fs1,186,conc avg feat spectral (zscore),137,1,2020,3,23,18,0,20200323_180000.WAV,4.3113,http://colecciones.humboldt.org.co/rec/sonidos/publicaciones/MAP/JDT-Yataros/YAT1Audible/20200323_180000.WAV,yat1_20200323_180000
lof,fs1,186,conc avg feat spectral (zscore),22,1,2020,3,4,14,0,20200304_140000.WAV,2.0079,http://colecciones.humboldt.org.co/rec/sonidos/publicaciones/MAP/JDT-Yataros/YAT1Audible/20200304_140000.WAV,yat1_20200304_140000
lof,fs1,186,conc avg feat spectral (zscore),16,1,2020,3,3,14,0,20200303_140000.WAV,1.8918,http://colecciones.humboldt.org.co/rec/sonidos/publicaciones/MAP/JDT-Yataros/YAT1Audible/20200303_140000.WAV,yat1_20200303_140000
lof,fs1,186,conc avg feat tonaless (zscore),137,1,2020,3,23,18,0,20200323_180000.WAV,2.1967,http://colecciones.humboldt.org.co/rec/sonidos/publicaciones/MAP/JDT-Yataros/YAT1Audible/20200323_180000.WAV,yat1_20200323_180000
lof,fs1,186,conc avg feat tonaless (zscore),59,1,2020,3,10,18,0,20200310_180000.WAV,1.9117,http://colecciones.humboldt.org.co/rec/sonidos/publicaciones/MAP/JDT-Yataros/YAT1Audible/20200310_180000.WAV,yat1_20200310_180000
lof,fs1,186,conc avg feat tonaless (zscore),16,1,2020,3,3,14,0,20200303_140000.WAV,1.9094,http://colecciones.humboldt.org.co/rec/sonidos/publicaciones/MAP/JDT-Yataros/YAT1Audible/20200303_140000.WAV,yat1_20200303_140000
lof,fs1,186,conc avg feat time (zscore),41,1,2020,3,7,18,0,20200307_180000.WAV,2.8254,http://colecciones.humboldt.org.co/rec/sonidos/publicaciones/MAP/JDT-Yataros/YAT1Audible/20200307_180000.WAV,yat1_20200307_180000
lof,fs1,186,conc avg feat time (zscore),11,1,2020,3,2,18,0,20200302_180000.WAV,2.4684,http://colecciones.humboldt.org.co/rec/sonidos/publicaciones/MAP/JDT-Yataros/YAT1Audible/20200302_180000.WAV,yat1_20200302_180000
lof,fs1,186,conc avg feat time (zscore),131,1,2020,3,22,18,0,20200322_180000.WAV,1.8359,http://colecciones.humboldt.org.co/rec/sonidos/publicaciones/MAP/JDT-Yataros/YAT1Audible/20200322_180000.WAV,yat1_20200322_180000
lof,fs1,186,feature 'SpectralCentroid' (zscore),145,1,2020,3,25,2,0,20200325_020000.WAV,3.9842,http://colecciones.humboldt.org.co/rec/sonidos/publicaciones/MAP/JDT-Yataros/YAT1Audible/20200325_020000.WAV,yat1_20200325_020000
lof,fs1,186,feature 'SpectralCentroid' (zscore),137,1,2020,3,23,18,0,20200323_180000.WAV,3.873,http://colecciones.humboldt.org.co/rec/sonidos/publicaciones/MAP/JDT-Yataros/YAT1Audible/20200323_180000.WAV,yat1_20200323_180000
lof,fs1,186,feature 'SpectralCentroid' (zscore),139,1,2020,3,24,2,0,20200324_020000.WAV,3.7875,http://colecciones.humboldt.org.co/rec/sonidos/publicaciones/MAP/JDT-Yataros/YAT1Audible/20200324_020000.WAV,yat1_20200324_020000
lof,fs1,186,feature 'SpectralCrestFactor' (zscore),5,1,2020,3,1,18,0,20200301_180000.WAV,3.813,http://colecciones.humboldt.org.co/rec/sonidos/publicaciones/MAP/JDT-Yataros/YAT1Audible/20200301_180000.WAV,yat1_20200301_180000
lof,fs1,186,feature 'SpectralCrestFactor' (zscore),13,1,2020,3,3,2,0,20200303_020000.WAV,2.8892,http://colecciones.humboldt.org.co/rec/sonidos/publicaciones/MAP/JDT-Yataros/YAT1Audible/20200303_020000.WAV,yat1_20200303_020000
lof,fs1,186,feature 'SpectralCrestFactor' (zscore),16,1,2020,3,3,14,0,20200303_140000.WAV,2.5672,http://colecciones.humboldt.org.co/rec/sonidos/publicaciones/MAP/JDT-Yataros/YAT1Audible/20200303_140000.WAV,yat1_20200303_140000
lof,fs1,186,feature 'SpectralDecrease' (zscore),5,1,2020,3,1,18,0,20200301_180000.WAV,2.9736,http://colecciones.humboldt.org.co/rec/sonidos/publicaciones/MAP/JDT-Yataros/YAT1Audible/20200301_180000.WAV,yat1_20200301_180000
lof,fs1,186,feature 'SpectralDecrease' (zscore),64,1,2020,3,11,14,0,20200311_140000.WAV,2.7319,http://colecciones.humboldt.org.co/rec/sonidos/publicaciones/MAP/JDT-Yataros/YAT1Audible/20200311_140000.WAV,yat1_20200311_140000
lof,fs1,186,feature 'SpectralDecrease' (zscore),58,1,2020,3,10,14,0,20200310_140000.WAV,2.65,http://colecciones.humboldt.org.co/rec/sonidos/publicaciones/MAP/JDT-Yataros/YAT1Audible/20200310_140000.WAV,yat1_20200310_140000
lof,fs1,186,feature 'SpectralFlatness' (zscore),106,1,2020,3,18,14,0,20200318_140000.WAV,3.0817,http://colecciones.humboldt.org.co/rec/sonidos/publicaciones/MAP/JDT-Yataros/YAT1Audible/20200318_140000.WAV,yat1_20200318_140000
lof,fs1,186,feature 'SpectralFlatness' (zscore),42,1,2020,3,7,22,0,20200307_220000.WAV,2.9514,http://colecciones.humboldt.org.co/rec/sonidos/publicaciones/MAP/JDT-Yataros/YAT1Audible/20200307_220000.WAV,yat1_20200307_220000
lof,fs1,186,feature 'SpectralFlatness' (zscore),64,1,2020,3,11,14,0,20200311_140000.WAV,2.9127,http://colecciones.humboldt.org.co/rec/sonidos/publicaciones/MAP/JDT-Yataros/YAT1Audible/20200311_140000.WAV,yat1_20200311_140000
lof,fs1,186,feature 'SpectralFlux' (zscore),64,1,2020,3,11,14,0,20200311_140000.WAV,2.8143,http://colecciones.humboldt.org.co/rec/sonidos/publicaciones/MAP/JDT-Yataros/YAT1Audible/20200311_140000.WAV,yat1_20200311_140000
lof,fs1,186,feature 'SpectralFlux' (zscore),22,1,2020,3,4,14,0,20200304_140000.WAV,2.6535,http://colecciones.humboldt.org.co/rec/sonidos/publicaciones/MAP/JDT-Yataros/YAT1Audible/20200304_140000.WAV,yat1_20200304_140000
lof,fs1,186,feature 'SpectralFlux' (zscore),106,1,2020,3,18,14,0,20200318_140000.WAV,2.1967,http://colecciones.humboldt.org.co/rec/sonidos/publicaciones/MAP/JDT-Yataros/YAT1Audible/20200318_140000.WAV,yat1_20200318_140000
lof,fs1,186,feature 'SpectralRolloff' (zscore),137,1,2020,3,23,18,0,20200323_180000.WAV,8.3101,http://colecciones.humboldt.org.co/rec/sonidos/publicaciones/MAP/JDT-Yataros/YAT1Audible/20200323_180000.WAV,yat1_20200323_180000
lof,fs1,186,feature 'SpectralRolloff' (zscore),64,1,2020,3,11,14,0,20200311_140000.WAV,4.9052,http://colecciones.humboldt.org.co/rec/sonidos/publicaciones/MAP/JDT-Yataros/YAT1Audible/20200311_140000.WAV,yat1_20200311_140000
lof,fs1,186,feature 'SpectralRolloff' (zscore),145,1,2020,3,25,2,0,20200325_020000.WAV,3.5144,http://colecciones.humboldt.org.co/rec/sonidos/publicaciones/MAP/JDT-Yataros/YAT1Audible/20200325_020000.WAV,yat1_20200325_020000
lof,fs1,186,feature 'SpectralSpread' (zscore),64,1,2020,3,11,14,0,20200311_140000.WAV,4.6634,http://colecciones.humboldt.org.co/rec/sonidos/publicaciones/MAP/JDT-Yataros/YAT1Audible/20200311_140000.WAV,yat1_20200311_140000
lof,fs1,186,feature 'SpectralSpread' (zscore),138,1,2020,3,23,22,0,20200323_220000.WAV,4.6521,http://colecciones.humboldt.org.co/rec/sonidos/publicaciones/MAP/JDT-Yataros/YAT1Audible/20200323_220000.WAV,yat1_20200323_220000
lof,fs1,186,feature 'SpectralSpread' (zscore),139,1,2020,3,24,2,0,20200324_020000.WAV,3.7136,http://colecciones.humboldt.org.co/rec/sonidos/publicaciones/MAP/JDT-Yataros/YAT1Audible/20200324_020000.WAV,yat1_20200324_020000
lof,fs1,186,feature 'SpectralTonalPowerRatio' (zscore),178,1,2020,3,30,14,0,20200330_140000.WAV,3.498,http://colecciones.humboldt.org.co/rec/sonidos/publicaciones/MAP/JDT-Yataros/YAT1Audible/20200330_140000.WAV,yat1_20200330_140000
lof,fs1,186,feature 'SpectralTonalPowerRatio' (zscore),112,1,2020,3,19,14,0,20200319_140000.WAV,3.4762,http://colecciones.humboldt.org.co/rec/sonidos/publicaciones/MAP/JDT-Yataros/YAT1Audible/20200319_140000.WAV,yat1_20200319_140000
lof,fs1,186,feature 'SpectralTonalPowerRatio' (zscore),74,1,2020,3,13,6,0,20200313_060000.WAV,3.2896,http://colecciones.humboldt.org.co/rec/sonidos/publicaciones/MAP/JDT-Yataros/YAT1Audible/20200313_060000.WAV,yat1_20200313_060000
lof,fs1,186,feature 'TimeZeroCrossingRate' (zscore),138,1,2020,3,23,22,0,20200323_220000.WAV,2.9563,http://colecciones.humboldt.org.co/rec/sonidos/publicaciones/MAP/JDT-Yataros/YAT1Audible/20200323_220000.WAV,yat1_20200323_220000
lof,fs1,186,feature 'TimeZeroCrossingRate' (zscore),155,1,2020,3,26,18,0,20200326_180000.WAV,2.9256,http://colecciones.humboldt.org.co/rec/sonidos/publicaciones/MAP/JDT-Yataros/YAT1Audible/20200326_180000.WAV,yat1_20200326_180000
lof,fs1,186,feature 'TimeZeroCrossingRate' (zscore),145,1,2020,3,25,2,0,20200325_020000.WAV,2.5311,http://colecciones.humboldt.org.co/rec/sonidos/publicaciones/MAP/JDT-Yataros/YAT1Audible/20200325_020000.WAV,yat1_20200325_020000
lof,fs1,186,feature 'TimeAcfCoeff' (zscore),5,1,2020,3,1,18,0,20200301_180000.WAV,2.9645,http://colecciones.humboldt.org.co/rec/sonidos/publicaciones/MAP/JDT-Yataros/YAT1Audible/20200301_180000.WAV,yat1_20200301_180000
lof,fs1,186,feature 'TimeAcfCoeff' (zscore),106,1,2020,3,18,14,0,20200318_140000.WAV,2.595,http://colecciones.humboldt.org.co/rec/sonidos/publicaciones/MAP/JDT-Yataros/YAT1Audible/20200318_140000.WAV,yat1_20200318_140000
lof,fs1,186,feature 'TimeAcfCoeff' (zscore),177,1,2020,3,30,10,0,20200330_100000.WAV,2.4411,http://colecciones.humboldt.org.co/rec/sonidos/publicaciones/MAP/JDT-Yataros/YAT1Audible/20200330_100000.WAV,yat1_20200330_100000
lof,fs1,186,feature 'TimeMaxAcf' (zscore),106,1,2020,3,18,14,0,20200318_140000.WAV,3.1977,http://colecciones.humboldt.org.co/rec/sonidos/publicaciones/MAP/JDT-Yataros/YAT1Audible/20200318_140000.WAV,yat1_20200318_140000
lof,fs1,186,feature 'TimeMaxAcf' (zscore),2,1,2020,3,1,6,0,20200301_060000.WAV,2.8353,http://colecciones.humboldt.org.co/rec/sonidos/publicaciones/MAP/JDT-Yataros/YAT1Audible/20200301_060000.WAV,yat1_20200301_060000
lof,fs1,186,feature 'TimeMaxAcf' (zscore),5,1,2020,3,1,18,0,20200301_180000.WAV,2.8134,http://colecciones.humboldt.org.co/rec/sonidos/publicaciones/MAP/JDT-Yataros/YAT1Audible/20200301_180000.WAV,yat1_20200301_180000
ocsvm,fs1,186,conc feat all (normal),47,1,2020,3,8,18,0,20200308_180000.WAV,-0.99991,http://colecciones.humboldt.org.co/rec/sonidos/publicaciones/MAP/JDT-Yataros/YAT1Audible/20200308_180000.WAV,yat1_20200308_180000
ocsvm,fs1,186,conc feat all (normal),28,1,2020,3,5,14,0,20200305_140000.WAV,-0.99993,http://colecciones.humboldt.org.co/rec/sonidos/publicaciones/MAP/JDT-Yataros/YAT1Audible/20200305_140000.WAV,yat1_20200305_140000
ocsvm,fs1,186,conc feat all (normal),124,1,2020,3,21,14,0,20200321_140000.WAV,-0.99993,http://colecciones.humboldt.org.co/rec/sonidos/publicaciones/MAP/JDT-Yataros/YAT1Audible/20200321_140000.WAV,yat1_20200321_140000
ocsvm,fs1,186,conc feat spectral (normal),86,1,2020,3,15,6,0,20200315_060000.WAV,-0.99988,http://colecciones.humboldt.org.co/rec/sonidos/publicaciones/MAP/JDT-Yataros/YAT1Audible/20200315_060000.WAV,yat1_20200315_060000
ocsvm,fs1,186,conc feat spectral (normal),141,1,2020,3,24,10,0,20200324_100000.WAV,-0.99988,http://colecciones.humboldt.org.co/rec/sonidos/publicaciones/MAP/JDT-Yataros/YAT1Audible/20200324_100000.WAV,yat1_20200324_100000
ocsvm,fs1,186,conc feat spectral (normal),129,1,2020,3,22,10,0,20200322_100000.WAV,-0.99991,http://colecciones.humboldt.org.co/rec/sonidos/publicaciones/MAP/JDT-Yataros/YAT1Audible/20200322_100000.WAV,yat1_20200322_100000
ocsvm,fs1,186,conc feat spectral (normal),137,1,2020,3,23,18,0,20200323_180000.WAV,-0.079218,http://colecciones.humboldt.org.co/rec/sonidos/publicaciones/MAP/JDT-Yataros/YAT1Audible/20200323_180000.WAV,yat1_20200323_180000
ocsvm,fs1,186,conc feat spectral (normal),42,1,2020,3,7,22,0,20200307_220000.WAV,-0.23083,http://colecciones.humboldt.org.co/rec/sonidos/publicaciones/MAP/JDT-Yataros/YAT1Audible/20200307_220000.WAV,yat1_20200307_220000
ocsvm,fs1,186,conc feat spectral (normal),50,1,2020,3,9,6,0,20200309_060000.WAV,-0.24001,http://colecciones.humboldt.org.co/rec/sonidos/publicaciones/MAP/JDT-Yataros/YAT1Audible/20200309_060000.WAV,yat1_20200309_060000
ocsvm,fs1,186,conc feat time (normal),154,1,2020,3,26,14,0,20200326_140000.WAV,-0.94661,http://colecciones.humboldt.org.co/rec/sonidos/publicaciones/MAP/JDT-Yataros/YAT1Audible/20200326_140000.WAV,yat1_20200326_140000
ocsvm,fs1,186,conc feat time (normal),129,1,2020,3,22,10,0,20200322_100000.WAV,-0.95055,http://colecciones.humboldt.org.co/rec/sonidos/publicaciones/MAP/JDT-Yataros/YAT1Audible/20200322_100000.WAV,yat1_20200322_100000
ocsvm,fs1,186,conc feat time (normal),16,1,2020,3,3,14,0,20200303_140000.WAV,-0.953,http://colecciones.humboldt.org.co/rec/sonidos/publicaciones/MAP/JDT-Yataros/YAT1Audible/20200303_140000.WAV,yat1_20200303_140000
ocsvm,fs1,186,conc avg feat all (normal),104,1,2020,3,18,6,0,20200318_060000.WAV,-0.78872,http://colecciones.humboldt.org.co/rec/sonidos/publicaciones/MAP/JDT-Yataros/YAT1Audible/20200318_060000.WAV,yat1_20200318_060000
ocsvm,fs1,186,conc avg feat all (normal),167,1,2020,3,28,18,0,20200328_180000.WAV,-0.80396,http://colecciones.humboldt.org.co/rec/sonidos/publicaciones/MAP/JDT-Yataros/YAT1Audible/20200328_180000.WAV,yat1_20200328_180000
ocsvm,fs1,186,conc avg feat all (normal),81,1,2020,3,14,10,0,20200314_100000.WAV,-0.81586,http://colecciones.humboldt.org.co/rec/sonidos/publicaciones/MAP/JDT-Yataros/YAT1Audible/20200314_100000.WAV,yat1_20200314_100000
ocsvm,fs1,186,conc avg feat spectral (normal),126,1,2020,3,21,22,0,20200321_220000.WAV,-0.57718,http://colecciones.humboldt.org.co/rec/sonidos/publicaciones/MAP/JDT-Yataros/YAT1Audible/20200321_220000.WAV,yat1_20200321_220000
ocsvm,fs1,186,conc avg feat spectral (normal),177,1,2020,3,30,10,0,20200330_100000.WAV,-0.65536,http://colecciones.humboldt.org.co/rec/sonidos/publicaciones/MAP/JDT-Yataros/YAT1Audible/20200330_100000.WAV,yat1_20200330_100000
ocsvm,fs1,186,conc avg feat spectral (normal),85,1,2020,3,15,2,0,20200315_020000.WAV,-0.66229,http://colecciones.humboldt.org.co/rec/sonidos/publicaciones/MAP/JDT-Yataros/YAT1Audible/20200315_020000.WAV,yat1_20200315_020000
ocsvm,fs1,186,conc avg feat tonaless (normal),137,1,2020,3,23,18,0,20200323_180000.WAV,-0.95676,http://colecciones.humboldt.org.co/rec/sonidos/publicaciones/MAP/JDT-Yataros/YAT1Audible/20200323_180000.WAV,yat1_20200323_180000
ocsvm,fs1,186,conc avg feat tonaless (normal),89,1,2020,3,15,18,0,20200315_180000.WAV,-0.99605,http://colecciones.humboldt.org.co/rec/sonidos/publicaciones/MAP/JDT-Yataros/YAT1Audible/20200315_180000.WAV,yat1_20200315_180000
ocsvm,fs1,186,conc avg feat tonaless (normal),150,1,2020,3,25,22,0,20200325_220000.WAV,-0.99729,http://colecciones.humboldt.org.co/rec/sonidos/publicaciones/MAP/JDT-Yataros/YAT1Audible/20200325_220000.WAV,yat1_20200325_220000
ocsvm,fs1,186,conc avg feat time (normal),41,1,2020,3,7,18,0,20200307_180000.WAV,-0.91346,http://colecciones.humboldt.org.co/rec/sonidos/publicaciones/MAP/JDT-Yataros/YAT1Audible/20200307_180000.WAV,yat1_20200307_180000
ocsvm,fs1,186,conc avg feat time (normal),166,1,2020,3,28,14,0,20200328_140000.WAV,-0.91452,http://colecciones.humboldt.org.co/rec/sonidos/publicaciones/MAP/JDT-Yataros/YAT1Audible/20200328_140000.WAV,yat1_20200328_140000
ocsvm,fs1,186,conc avg feat time (normal),49,1,2020,3,9,2,0,20200309_020000.WAV,-0.91461,http://colecciones.humboldt.org.co/rec/sonidos/publicaciones/MAP/JDT-Yataros/YAT1Audible/20200309_020000.WAV,yat1_20200309_020000
ocsvm,fs1,186,feature 'SpectralCentroid' (normal),118,1,2020,3,20,14,0,20200320_140000.WAV,-0.98856,http://colecciones.humboldt.org.co/rec/sonidos/publicaciones/MAP/JDT-Yataros/YAT1Audible/20200320_140000.WAV,yat1_20200320_140000
ocsvm,fs1,186,feature 'SpectralCentroid' (normal),83,1,2020,3,14,18,0,20200314_180000.WAV,-0.99106,http://colecciones.humboldt.org.co/rec/sonidos/publicaciones/MAP/JDT-Yataros/YAT1Audible/20200314_180000.WAV,yat1_20200314_180000
ocsvm,fs1,186,feature 'SpectralCentroid' (normal),15,1,2020,3,3,10,0,20200303_100000.WAV,-0.99423,http://colecciones.humboldt.org.co/rec/sonidos/publicaciones/MAP/JDT-Yataros/YAT1Audible/20200303_100000.WAV,yat1_20200303_100000
ocsvm,fs1,186,feature 'SpectralCrestFactor' (normal),16,1,2020,3,3,14,0,20200303_140000.WAV,-1,http://colecciones.humboldt.org.co/rec/sonidos/publicaciones/MAP/JDT-Yataros/YAT1Audible/20200303_140000.WAV,yat1_20200303_140000
ocsvm,fs1,186,feature 'SpectralCrestFactor' (normal),166,1,2020,3,28,14,0,20200328_140000.WAV,-1.0002,http://colecciones.humboldt.org.co/rec/sonidos/publicaciones/MAP/JDT-Yataros/YAT1Audible/20200328_140000.WAV,yat1_20200328_140000
ocsvm,fs1,186,feature 'SpectralCrestFactor' (normal),142,1,2020,3,24,14,0,20200324_140000.WAV,-1.0004,http://colecciones.humboldt.org.co/rec/sonidos/publicaciones/MAP/JDT-Yataros/YAT1Audible/20200324_140000.WAV,yat1_20200324_140000
ocsvm,fs1,186,feature 'SpectralDecrease' (normal),22,1,2020,3,4,14,0,20200304_140000.WAV,-1.0001,http://colecciones.humboldt.org.co/rec/sonidos/publicaciones/MAP/JDT-Yataros/YAT1Audible/20200304_140000.WAV,yat1_20200304_140000
ocsvm,fs1,186,feature 'SpectralDecrease' (normal),64,1,2020,3,11,14,0,20200311_140000.WAV,-1.0002,http://colecciones.humboldt.org.co/rec/sonidos/publicaciones/MAP/JDT-Yataros/YAT1Audible/20200311_140000.WAV,yat1_20200311_140000
ocsvm,fs1,186,feature 'SpectralDecrease' (normal),16,1,2020,3,3,14,0,20200303_140000.WAV,-1.0003,http://colecciones.humboldt.org.co/rec/sonidos/publicaciones/MAP/JDT-Yataros/YAT1Audible/20200303_140000.WAV,yat1_20200303_140000
ocsvm,fs1,186,feature 'SpectralFlatness' (normal),137,1,2020,3,23,18,0,20200323_180000.WAV,-0.039569,http://colecciones.humboldt.org.co/rec/sonidos/publicaciones/MAP/JDT-Yataros/YAT1Audible/20200323_180000.WAV,yat1_20200323_180000
ocsvm,fs1,186,feature 'SpectralFlatness' (normal),42,1,2020,3,7,22,0,20200307_220000.WAV,-0.19166,http://colecciones.humboldt.org.co/rec/sonidos/publicaciones/MAP/JDT-Yataros/YAT1Audible/20200307_220000.WAV,yat1_20200307_220000
ocsvm,fs1,186,feature 'SpectralFlatness' (normal),144,1,2020,3,24,22,0,20200324_220000.WAV,-0.21049,http://colecciones.humboldt.org.co/rec/sonidos/publicaciones/MAP/JDT-Yataros/YAT1Audible/20200324_220000.WAV,yat1_20200324_220000
ocsvm,fs1,186,feature 'SpectralFlux' (normal),83,1,2020,3,14,18,0,20200314_180000.WAV,-2,http://colecciones.humboldt.org.co/rec/sonidos/publicaciones/MAP/JDT-Yataros/YAT1Audible/20200314_180000.WAV,yat1_20200314_180000
ocsvm,fs1,186,feature 'SpectralFlux' (normal),55,1,2020,3,10,2,0,20200310_020000.WAV,-2,http://colecciones.humboldt.org.co/rec/sonidos/publicaciones/MAP/JDT-Yataros/YAT1Audible/20200310_020000.WAV,yat1_20200310_020000
ocsvm,fs1,186,feature 'SpectralFlux' (normal),52,1,2020,3,9,14,0,20200309_140000.WAV,-2,http://colecciones.humboldt.org.co/rec/sonidos/publicaciones/MAP/JDT-Yataros/YAT1Audible/20200309_140000.WAV,yat1_20200309_140000
ocsvm,fs1,186,feature 'SpectralRolloff' (normal),47,1,2020,3,8,18,0,20200308_180000.WAV,-0.98657,http://colecciones.humboldt.org.co/rec/sonidos/publicaciones/MAP/JDT-Yataros/YAT1Audible/20200308_180000.WAV,yat1_20200308_180000
ocsvm,fs1,186,feature 'SpectralRolloff' (normal),151,1,2020,3,26,2,0,20200326_020000.WAV,-0.99103,http://colecciones.humboldt.org.co/rec/sonidos/publicaciones/MAP/JDT-Yataros/YAT1Audible/20200326_020000.WAV,yat1_20200326_020000
ocsvm,fs1,186,feature 'SpectralRolloff' (normal),24,1,2020,3,4,22,0,20200304_220000.WAV,-0.99299,http://colecciones.humboldt.org.co/rec/sonidos/publicaciones/MAP/JDT-Yataros/YAT1Audible/20200304_220000.WAV,yat1_20200304_220000
ocsvm,fs1,186,feature 'SpectralSpread' (normal),14,1,2020,3,3,6,0,20200303_060000.WAV,-0.98381,http://colecciones.humboldt.org.co/rec/sonidos/publicaciones/MAP/JDT-Yataros/YAT1Audible/20200303_060000.WAV,yat1_20200303_060000
ocsvm,fs1,186,feature 'SpectralSpread' (normal),185,1,2020,3,31,18,0,20200331_180000.WAV,-0.98672,http://colecciones.humboldt.org.co/rec/sonidos/publicaciones/MAP/JDT-Yataros/YAT1Audible/20200331_180000.WAV,yat1_20200331_180000
ocsvm,fs1,186,feature 'SpectralSpread' (normal),166,1,2020,3,28,14,0,20200328_140000.WAV,-0.99293,http://colecciones.humboldt.org.co/rec/sonidos/publicaciones/MAP/JDT-Yataros/YAT1Audible/20200328_140000.WAV,yat1_20200328_140000
ocsvm,fs1,186,feature 'SpectralTonalPowerRatio' (normal),154,1,2020,3,26,14,0,20200326_140000.WAV,-0.27001,http://colecciones.humboldt.org.co/rec/sonidos/publicaciones/MAP/JDT-Yataros/YAT1Audible/20200326_140000.WAV,yat1_20200326_140000
ocsvm,fs1,186,feature 'SpectralTonalPowerRatio' (normal),50,1,2020,3,9,6,0,20200309_060000.WAV,-0.31899,http://colecciones.humboldt.org.co/rec/sonidos/publicaciones/MAP/JDT-Yataros/YAT1Audible/20200309_060000.WAV,yat1_20200309_060000
ocsvm,fs1,186,feature 'SpectralTonalPowerRatio' (normal),52,1,2020,3,9,14,0,20200309_140000.WAV,-0.40836,http://colecciones.humboldt.org.co/rec/sonidos/publicaciones/MAP/JDT-Yataros/YAT1Audible/20200309_140000.WAV,yat1_20200309_140000
ocsvm,fs1,186,feature 'TimeZeroCrossingRate' (normal),90,1,2020,3,15,22,0,20200315_220000.WAV,-0.4372,http://colecciones.humboldt.org.co/rec/sonidos/publicaciones/MAP/JDT-Yataros/YAT1Audible/20200315_220000.WAV,yat1_20200315_220000
ocsvm,fs1,186,feature 'TimeZeroCrossingRate' (normal),24,1,2020,3,4,22,0,20200304_220000.WAV,-0.45198,http://colecciones.humboldt.org.co/rec/sonidos/publicaciones/MAP/JDT-Yataros/YAT1Audible/20200304_220000.WAV,yat1_20200304_220000
ocsvm,fs1,186,feature 'TimeZeroCrossingRate' (normal),145,1,2020,3,25,2,0,20200325_020000.WAV,-0.46683,http://colecciones.humboldt.org.co/rec/sonidos/publicaciones/MAP/JDT-Yataros/YAT1Audible/20200325_020000.WAV,yat1_20200325_020000
ocsvm,fs1,186,feature 'TimeAcfCoeff' (normal),177,1,2020,3,30,10,0,20200330_100000.WAV,-0.45884,http://colecciones.humboldt.org.co/rec/sonidos/publicaciones/MAP/JDT-Yataros/YAT1Audible/20200330_100000.WAV,yat1_20200330_100000
ocsvm,fs1,186,feature 'TimeAcfCoeff' (normal),35,1,2020,3,6,18,0,20200306_180000.WAV,-0.47891,http://colecciones.humboldt.org.co/rec/sonidos/publicaciones/MAP/JDT-Yataros/YAT1Audible/20200306_180000.WAV,yat1_20200306_180000
ocsvm,fs1,186,feature 'TimeAcfCoeff' (normal),106,1,2020,3,18,14,0,20200318_140000.WAV,-0.48875,http://colecciones.humboldt.org.co/rec/sonidos/publicaciones/MAP/JDT-Yataros/YAT1Audible/20200318_140000.WAV,yat1_20200318_140000
ocsvm,fs1,186,feature 'TimeMaxAcf' (normal),106,1,2020,3,18,14,0,20200318_140000.WAV,-0.089478,http://colecciones.humboldt.org.co/rec/sonidos/publicaciones/MAP/JDT-Yataros/YAT1Audible/20200318_140000.WAV,yat1_20200318_140000
ocsvm,fs1,186,feature 'TimeMaxAcf' (normal),94,1,2020,3,16,14,0,20200316_140000.WAV,-0.12074,http://colecciones.humboldt.org.co/rec/sonidos/publicaciones/MAP/JDT-Yataros/YAT1Audible/20200316_140000.WAV,yat1_20200316_140000
ocsvm,fs1,186,feature 'TimeMaxAcf' (normal),130,1,2020,3,22,14,0,20200322_140000.WAV,-0.15562,http://colecciones.humboldt.org.co/rec/sonidos/publicaciones/MAP/JDT-Yataros/YAT1Audible/20200322_140000.WAV,yat1_20200322_140000
ocsvm,fs1,186,conc feat all (zscore),153,1,2020,3,26,10,0,20200326_100000.WAV,-0.99989,http://colecciones.humboldt.org.co/rec/sonidos/publicaciones/MAP/JDT-Yataros/YAT1Audible/20200326_100000.WAV,yat1_20200326_100000
ocsvm,fs1,186,conc feat all (zscore),10,1,2020,3,2,14,0,20200302_140000.WAV,-0.9999,http://colecciones.humboldt.org.co/rec/sonidos/publicaciones/MAP/JDT-Yataros/YAT1Audible/20200302_140000.WAV,yat1_20200302_140000
ocsvm,fs1,186,conc feat all (zscore),120,1,2020,3,20,22,0,20200320_220000.WAV,-0.99992,http://colecciones.humboldt.org.co/rec/sonidos/publicaciones/MAP/JDT-Yataros/YAT1Audible/20200320_220000.WAV,yat1_20200320_220000
ocsvm,fs1,186,conc feat spectral (zscore),36,1,2020,3,6,22,0,20200306_220000.WAV,-0.99989,http://colecciones.humboldt.org.co/rec/sonidos/publicaciones/MAP/JDT-Yataros/YAT1Audible/20200306_220000.WAV,yat1_20200306_220000
ocsvm,fs1,186,conc feat spectral (zscore),6,1,2020,3,1,22,0,20200301_220000.WAV,-0.99992,http://colecciones.humboldt.org.co/rec/sonidos/publicaciones/MAP/JDT-Yataros/YAT1Audible/20200301_220000.WAV,yat1_20200301_220000
ocsvm,fs1,186,conc feat spectral (zscore),126,1,2020,3,21,22,0,20200321_220000.WAV,-0.99994,http://colecciones.humboldt.org.co/rec/sonidos/publicaciones/MAP/JDT-Yataros/YAT1Audible/20200321_220000.WAV,yat1_20200321_220000
ocsvm,fs1,186,conc feat spectral (zscore),41,1,2020,3,7,18,0,20200307_180000.WAV,-0.99978,http://colecciones.humboldt.org.co/rec/sonidos/publicaciones/MAP/JDT-Yataros/YAT1Audible/20200307_180000.WAV,yat1_20200307_180000
ocsvm,fs1,186,conc feat spectral (zscore),60,1,2020,3,10,22,0,20200310_220000.WAV,-0.99979,http://colecciones.humboldt.org.co/rec/sonidos/publicaciones/MAP/JDT-Yataros/YAT1Audible/20200310_220000.WAV,yat1_20200310_220000
ocsvm,fs1,186,conc feat spectral (zscore),83,1,2020,3,14,18,0,20200314_180000.WAV,-0.9998,http://colecciones.humboldt.org.co/rec/sonidos/publicaciones/MAP/JDT-Yataros/YAT1Audible/20200314_180000.WAV,yat1_20200314_180000
ocsvm,fs1,186,conc feat time (zscore),38,1,2020,3,7,6,0,20200307_060000.WAV,-0.99919,http://colecciones.humboldt.org.co/rec/sonidos/publicaciones/MAP/JDT-Yataros/YAT1Audible/20200307_060000.WAV,yat1_20200307_060000
ocsvm,fs1,186,conc feat time (zscore),153,1,2020,3,26,10,0,20200326_100000.WAV,-0.99946,http://colecciones.humboldt.org.co/rec/sonidos/publicaciones/MAP/JDT-Yataros/YAT1Audible/20200326_100000.WAV,yat1_20200326_100000
ocsvm,fs1,186,conc feat time (zscore),148,1,2020,3,25,14,0,20200325_140000.WAV,-0.99955,http://colecciones.humboldt.org.co/rec/sonidos/publicaciones/MAP/JDT-Yataros/YAT1Audible/20200325_140000.WAV,yat1_20200325_140000
ocsvm,fs1,186,conc avg feat all (zscore),137,1,2020,3,23,18,0,20200323_180000.WAV,-0.67749,http://colecciones.humboldt.org.co/rec/sonidos/publicaciones/MAP/JDT-Yataros/YAT1Audible/20200323_180000.WAV,yat1_20200323_180000
ocsvm,fs1,186,conc avg feat all (zscore),50,1,2020,3,9,6,0,20200309_060000.WAV,-0.7185,http://colecciones.humboldt.org.co/rec/sonidos/publicaciones/MAP/JDT-Yataros/YAT1Audible/20200309_060000.WAV,yat1_20200309_060000
ocsvm,fs1,186,conc avg feat all (zscore),22,1,2020,3,4,14,0,20200304_140000.WAV,-0.74167,http://colecciones.humboldt.org.co/rec/sonidos/publicaciones/MAP/JDT-Yataros/YAT1Audible/20200304_140000.WAV,yat1_20200304_140000
ocsvm,fs1,186,conc avg feat spectral (zscore),156,1,2020,3,26,22,0,20200326_220000.WAV,-0.25252,http://colecciones.humboldt.org.co/rec/sonidos/publicaciones/MAP/JDT-Yataros/YAT1Audible/20200326_220000.WAV,yat1_20200326_220000
ocsvm,fs1,186,conc avg feat spectral (zscore),137,1,2020,3,23,18,0,20200323_180000.WAV,-0.27771,http://colecciones.humboldt.org.co/rec/sonidos/publicaciones/MAP/JDT-Yataros/YAT1Audible/20200323_180000.WAV,yat1_20200323_180000
ocsvm,fs1,186,conc avg feat spectral (zscore),140,1,2020,3,24,6,0,20200324_060000.WAV,-0.28357,http://colecciones.humboldt.org.co/rec/sonidos/publicaciones/MAP/JDT-Yataros/YAT1Audible/20200324_060000.WAV,yat1_20200324_060000
ocsvm,fs1,186,conc avg feat tonaless (zscore),50,1,2020,3,9,6,0,20200309_060000.WAV,0.0343,http://colecciones.humboldt.org.co/rec/sonidos/publicaciones/MAP/JDT-Yataros/YAT1Audible/20200309_060000.WAV,yat1_20200309_060000
ocsvm,fs1,186,conc avg feat tonaless (zscore),154,1,2020,3,26,14,0,20200326_140000.WAV,-0.014725,http://colecciones.humboldt.org.co/rec/sonidos/publicaciones/MAP/JDT-Yataros/YAT1Audible/20200326_140000.WAV,yat1_20200326_140000
ocsvm,fs1,186,conc avg feat tonaless (zscore),74,1,2020,3,13,6,0,20200313_060000.WAV,-0.11427,http://colecciones.humboldt.org.co/rec/sonidos/publicaciones/MAP/JDT-Yataros/YAT1Audible/20200313_060000.WAV,yat1_20200313_060000
ocsvm,fs1,186,conc avg feat time (zscore),41,1,2020,3,7,18,0,20200307_180000.WAV,-0.216,http://colecciones.humboldt.org.co/rec/sonidos/publicaciones/MAP/JDT-Yataros/YAT1Audible/20200307_180000.WAV,yat1_20200307_180000
ocsvm,fs1,186,conc avg feat time (zscore),11,1,2020,3,2,18,0,20200302_180000.WAV,-0.24956,http://colecciones.humboldt.org.co/rec/sonidos/publicaciones/MAP/JDT-Yataros/YAT1Audible/20200302_180000.WAV,yat1_20200302_180000
ocsvm,fs1,186,conc avg feat time (zscore),137,1,2020,3,23,18,0,20200323_180000.WAV,-0.46594,http://colecciones.humboldt.org.co/rec/sonidos/publicaciones/MAP/JDT-Yataros/YAT1Audible/20200323_180000.WAV,yat1_20200323_180000
ocsvm,fs1,186,feature 'SpectralCentroid' (zscore),36,1,2020,3,6,22,0,20200306_220000.WAV,-0.899,http://colecciones.humboldt.org.co/rec/sonidos/publicaciones/MAP/JDT-Yataros/YAT1Audible/20200306_220000.WAV,yat1_20200306_220000
ocsvm,fs1,186,feature 'SpectralCentroid' (zscore),111,1,2020,3,19,10,0,20200319_100000.WAV,-0.92221,http://colecciones.humboldt.org.co/rec/sonidos/publicaciones/MAP/JDT-Yataros/YAT1Audible/20200319_100000.WAV,yat1_20200319_100000
ocsvm,fs1,186,feature 'SpectralCentroid' (zscore),140,1,2020,3,24,6,0,20200324_060000.WAV,-0.92293,http://colecciones.humboldt.org.co/rec/sonidos/publicaciones/MAP/JDT-Yataros/YAT1Audible/20200324_060000.WAV,yat1_20200324_060000
ocsvm,fs1,186,feature 'SpectralCrestFactor' (zscore),138,1,2020,3,23,22,0,20200323_220000.WAV,-0.92493,http://colecciones.humboldt.org.co/rec/sonidos/publicaciones/MAP/JDT-Yataros/YAT1Audible/20200323_220000.WAV,yat1_20200323_220000
ocsvm,fs1,186,feature 'SpectralCrestFactor' (zscore),148,1,2020,3,25,14,0,20200325_140000.WAV,-0.9296,http://colecciones.humboldt.org.co/rec/sonidos/publicaciones/MAP/JDT-Yataros/YAT1Audible/20200325_140000.WAV,yat1_20200325_140000
ocsvm,fs1,186,feature 'SpectralCrestFactor' (zscore),117,1,2020,3,20,10,0,20200320_100000.WAV,-0.93028,http://colecciones.humboldt.org.co/rec/sonidos/publicaciones/MAP/JDT-Yataros/YAT1Audible/20200320_100000.WAV,yat1_20200320_100000
ocsvm,fs1,186,feature 'SpectralDecrease' (zscore),158,1,2020,3,27,6,0,20200327_060000.WAV,-0.97502,http://colecciones.humboldt.org.co/rec/sonidos/publicaciones/MAP/JDT-Yataros/YAT1Audible/20200327_060000.WAV,yat1_20200327_060000
ocsvm,fs1,186,feature 'SpectralDecrease' (zscore),39,1,2020,3,7,10,0,20200307_100000.WAV,-0.97718,http://colecciones.humboldt.org.co/rec/sonidos/publicaciones/MAP/JDT-Yataros/YAT1Audible/20200307_100000.WAV,yat1_20200307_100000
ocsvm,fs1,186,feature 'SpectralDecrease' (zscore),134,1,2020,3,23,6,0,20200323_060000.WAV,-0.97754,http://colecciones.humboldt.org.co/rec/sonidos/publicaciones/MAP/JDT-Yataros/YAT1Audible/20200323_060000.WAV,yat1_20200323_060000
ocsvm,fs1,186,feature 'SpectralFlatness' (zscore),183,1,2020,3,31,10,0,20200331_100000.WAV,-0.98123,http://colecciones.humboldt.org.co/rec/sonidos/publicaciones/MAP/JDT-Yataros/YAT1Audible/20200331_100000.WAV,yat1_20200331_100000
ocsvm,fs1,186,feature 'SpectralFlatness' (zscore),5,1,2020,3,1,18,0,20200301_180000.WAV,-0.98166,http://colecciones.humboldt.org.co/rec/sonidos/publicaciones/MAP/JDT-Yataros/YAT1Audible/20200301_180000.WAV,yat1_20200301_180000
ocsvm,fs1,186,feature 'SpectralFlatness' (zscore),186,1,2020,3,31,22,0,20200331_220000.WAV,-0.98191,http://colecciones.humboldt.org.co/rec/sonidos/publicaciones/MAP/JDT-Yataros/YAT1Audible/20200331_220000.WAV,yat1_20200331_220000
ocsvm,fs1,186,feature 'SpectralFlux' (zscore),173,1,2020,3,29,18,0,20200329_180000.WAV,-0.94451,http://colecciones.humboldt.org.co/rec/sonidos/publicaciones/MAP/JDT-Yataros/YAT1Audible/20200329_180000.WAV,yat1_20200329_180000
ocsvm,fs1,186,feature 'SpectralFlux' (zscore),83,1,2020,3,14,18,0,20200314_180000.WAV,-0.94919,http://colecciones.humboldt.org.co/rec/sonidos/publicaciones/MAP/JDT-Yataros/YAT1Audible/20200314_180000.WAV,yat1_20200314_180000
ocsvm,fs1,186,feature 'SpectralFlux' (zscore),172,1,2020,3,29,14,0,20200329_140000.WAV,-0.9515,http://colecciones.humboldt.org.co/rec/sonidos/publicaciones/MAP/JDT-Yataros/YAT1Audible/20200329_140000.WAV,yat1_20200329_140000
ocsvm,fs1,186,feature 'SpectralRolloff' (zscore),121,1,2020,3,21,2,0,20200321_020000.WAV,-0.93318,http://colecciones.humboldt.org.co/rec/sonidos/publicaciones/MAP/JDT-Yataros/YAT1Audible/20200321_020000.WAV,yat1_20200321_020000
ocsvm,fs1,186,feature 'SpectralRolloff' (zscore),5,1,2020,3,1,18,0,20200301_180000.WAV,-0.93644,http://colecciones.humboldt.org.co/rec/sonidos/publicaciones/MAP/JDT-Yataros/YAT1Audible/20200301_180000.WAV,yat1_20200301_180000
ocsvm,fs1,186,feature 'SpectralRolloff' (zscore),142,1,2020,3,24,14,0,20200324_140000.WAV,-0.93923,http://colecciones.humboldt.org.co/rec/sonidos/publicaciones/MAP/JDT-Yataros/YAT1Audible/20200324_140000.WAV,yat1_20200324_140000
ocsvm,fs1,186,feature 'SpectralSpread' (zscore),2,1,2020,3,1,6,0,20200301_060000.WAV,-0.86254,http://colecciones.humboldt.org.co/rec/sonidos/publicaciones/MAP/JDT-Yataros/YAT1Audible/20200301_060000.WAV,yat1_20200301_060000
ocsvm,fs1,186,feature 'SpectralSpread' (zscore),32,1,2020,3,6,6,0,20200306_060000.WAV,-0.86424,http://colecciones.humboldt.org.co/rec/sonidos/publicaciones/MAP/JDT-Yataros/YAT1Audible/20200306_060000.WAV,yat1_20200306_060000
ocsvm,fs1,186,feature 'SpectralSpread' (zscore),134,1,2020,3,23,6,0,20200323_060000.WAV,-0.8736,http://colecciones.humboldt.org.co/rec/sonidos/publicaciones/MAP/JDT-Yataros/YAT1Audible/20200323_060000.WAV,yat1_20200323_060000
ocsvm,fs1,186,feature 'SpectralTonalPowerRatio' (zscore),95,1,2020,3,16,18,0,20200316_180000.WAV,-0.099428,http://colecciones.humboldt.org.co/rec/sonidos/publicaciones/MAP/JDT-Yataros/YAT1Audible/20200316_180000.WAV,yat1_20200316_180000
ocsvm,fs1,186,feature 'SpectralTonalPowerRatio' (zscore),166,1,2020,3,28,14,0,20200328_140000.WAV,-0.10032,http://colecciones.humboldt.org.co/rec/sonidos/publicaciones/MAP/JDT-Yataros/YAT1Audible/20200328_140000.WAV,yat1_20200328_140000
ocsvm,fs1,186,feature 'SpectralTonalPowerRatio' (zscore),112,1,2020,3,19,14,0,20200319_140000.WAV,-0.10157,http://colecciones.humboldt.org.co/rec/sonidos/publicaciones/MAP/JDT-Yataros/YAT1Audible/20200319_140000.WAV,yat1_20200319_140000
ocsvm,fs1,186,feature 'TimeZeroCrossingRate' (zscore),115,1,2020,3,20,2,0,20200320_020000.WAV,-0.85909,http://colecciones.humboldt.org.co/rec/sonidos/publicaciones/MAP/JDT-Yataros/YAT1Audible/20200320_020000.WAV,yat1_20200320_020000
ocsvm,fs1,186,feature 'TimeZeroCrossingRate' (zscore),150,1,2020,3,25,22,0,20200325_220000.WAV,-0.87944,http://colecciones.humboldt.org.co/rec/sonidos/publicaciones/MAP/JDT-Yataros/YAT1Audible/20200325_220000.WAV,yat1_20200325_220000
ocsvm,fs1,186,feature 'TimeZeroCrossingRate' (zscore),42,1,2020,3,7,22,0,20200307_220000.WAV,-0.88289,http://colecciones.humboldt.org.co/rec/sonidos/publicaciones/MAP/JDT-Yataros/YAT1Audible/20200307_220000.WAV,yat1_20200307_220000
ocsvm,fs1,186,feature 'TimeAcfCoeff' (zscore),69,1,2020,3,12,10,0,20200312_100000.WAV,-0.98727,http://colecciones.humboldt.org.co/rec/sonidos/publicaciones/MAP/JDT-Yataros/YAT1Audible/20200312_100000.WAV,yat1_20200312_100000
ocsvm,fs1,186,feature 'TimeAcfCoeff' (zscore),183,1,2020,3,31,10,0,20200331_100000.WAV,-0.99195,http://colecciones.humboldt.org.co/rec/sonidos/publicaciones/MAP/JDT-Yataros/YAT1Audible/20200331_100000.WAV,yat1_20200331_100000
ocsvm,fs1,186,feature 'TimeAcfCoeff' (zscore),39,1,2020,3,7,10,0,20200307_100000.WAV,-0.99374,http://colecciones.humboldt.org.co/rec/sonidos/publicaciones/MAP/JDT-Yataros/YAT1Audible/20200307_100000.WAV,yat1_20200307_100000
ocsvm,fs1,186,feature 'TimeMaxAcf' (zscore),99,1,2020,3,17,10,0,20200317_100000.WAV,-0.96193,http://colecciones.humboldt.org.co/rec/sonidos/publicaciones/MAP/JDT-Yataros/YAT1Audible/20200317_100000.WAV,yat1_20200317_100000
ocsvm,fs1,186,feature 'TimeMaxAcf' (zscore),51,1,2020,3,9,10,0,20200309_100000.WAV,-0.96309,http://colecciones.humboldt.org.co/rec/sonidos/publicaciones/MAP/JDT-Yataros/YAT1Audible/20200309_100000.WAV,yat1_20200309_100000
ocsvm,fs1,186,feature 'TimeMaxAcf' (zscore),50,1,2020,3,9,6,0,20200309_060000.WAV,-0.96575,http://colecciones.humboldt.org.co/rec/sonidos/publicaciones/MAP/JDT-Yataros/YAT1Audible/20200309_060000.WAV,yat1_20200309_060000
